專科教室代號,專科教室名稱,領域類別,分機,負責老師,星期,節次,時間,上課班級,科目,授課教師,原始標記,教室用途說明
多功能教室,多功能教室 (西棟3F),藝能,49,黃岱瑩 老師,星期一,第4節,11：20~12：00,503,彈性課程 (閱讀教育),高諄恩,503,102.501美術、五年級閱讀、503.504體育
多功能教室,多功能教室 (西棟3F),藝能,49,黃岱瑩 老師,星期一,第5節,13：30~14：10,501,藝術 (美勞),張筑鈞,501,102.501美術、五年級閱讀、503.504體育
多功能教室,多功能教室 (西棟3F),藝能,49,黃岱瑩 老師,星期一,第6節,14：20~15：00,501,藝術 (美勞),張筑鈞,501,102.501美術、五年級閱讀、503.504體育
多功能教室,多功能教室 (西棟3F),藝能,49,黃岱瑩 老師,星期二,第4節,11：20~12：00,501,彈性課程 (閱讀教育),高諄恩,501,102.501美術、五年級閱讀、503.504體育
多功能教室,多功能教室 (西棟3F),藝能,49,黃岱瑩 老師,星期二,第6節,14：20~15：00,504,健康與體育 (體育),曾精鈺,504,102.501美術、五年級閱讀、503.504體育
多功能教室,多功能教室 (西棟3F),藝能,49,黃岱瑩 老師,星期二,第7節,15：10~15: 50,503,健康與體育 (體育),林展吉,503,102.501美術、五年級閱讀、503.504體育
多功能教室,多功能教室 (西棟3F),藝能,49,黃岱瑩 老師,星期三,第4節,11：20~12：00,504,彈性課程 (閱讀教育),高諄恩,504,102.501美術、五年級閱讀、503.504體育
多功能教室,多功能教室 (西棟3F),藝能,49,黃岱瑩 老師,星期四,第4節,11：20~12：00,502,彈性課程 (閱讀教育),高諄恩,502,102.501美術、五年級閱讀、503.504體育
多功能教室,多功能教室 (西棟3F),藝能,49,黃岱瑩 老師,星期四,第6節,14：20~15：00,504,藝術 (美勞),張筑鈞,504,102.501美術、五年級閱讀、503.504體育
多功能教室,多功能教室 (西棟3F),藝能,49,黃岱瑩 老師,星期四,第7節,15：10~15: 50,503,健康與體育 (體育),林展吉,503,102.501美術、五年級閱讀、503.504體育
多功能教室,多功能教室 (西棟3F),藝能,49,黃岱瑩 老師,星期五,第2節,9：30~10：10,102,藝術 (美勞),黃岱瑩,102,102.501美術、五年級閱讀、503.504體育
多功能教室,多功能教室 (西棟3F),藝能,49,黃岱瑩 老師,星期五,第3節,10：30~11：10,102,藝術 (美勞),黃岱瑩,102,102.501美術、五年級閱讀、503.504體育
操場,操場 (戶外田徑球場),運動,體育組,林昇輝 / 體育教師,星期一,第1節,8：40~ 9：20,"102, 201",健康與體育 (體育),林昇輝 / 體育教師,102.201.,全校戶外體育課、跑道球場
操場,操場 (戶外田徑球場),運動,體育組,林昇輝 / 體育教師,星期一,第2節,9：30~10：10,"103, 204",健康與體育 (體育),林昇輝 / 體育教師,103.204.,全校戶外體育課、跑道球場
操場,操場 (戶外田徑球場),運動,體育組,林昇輝 / 體育教師,星期一,第3節,10：30~11：10,301,健康與體育 (體育),楊雅婷,301,全校戶外體育課、跑道球場
操場,操場 (戶外田徑球場),運動,體育組,林昇輝 / 體育教師,星期一,第6節,14：20~15：00,"403, 603",健康與體育 (體育),林昇輝 / 體育教師,403.603,全校戶外體育課、跑道球場
操場,操場 (戶外田徑球場),運動,體育組,林昇輝 / 體育教師,星期一,第7節,15：10~15: 50,"401, 402, 501, 601, 604",健康與體育 (體育),林昇輝 / 體育教師,401.402. 501.601. 604,全校戶外體育課、跑道球場
操場,操場 (戶外田徑球場),運動,體育組,林昇輝 / 體育教師,星期二,第2節,9：30~10：10,"202, 502",健康與體育 (體育),林昇輝 / 體育教師,202.502,全校戶外體育課、跑道球場
操場,操場 (戶外田徑球場),運動,體育組,林昇輝 / 體育教師,星期二,第3節,10：30~11：10,302,健康與體育 (體育),楊雅婷,302,全校戶外體育課、跑道球場
操場,操場 (戶外田徑球場),運動,體育組,林昇輝 / 體育教師,星期二,第6節,14：20~15：00,"103, 404, 504",健康與體育 (體育),林昇輝 / 體育教師,103.404. 504,全校戶外體育課、跑道球場
操場,操場 (戶外田徑球場),運動,體育組,林昇輝 / 體育教師,星期二,第7節,15：10~15: 50,"303, 503, 602",健康與體育 (體育),林昇輝 / 體育教師,303.503. 602,全校戶外體育課、跑道球場
操場,操場 (戶外田徑球場),運動,體育組,林昇輝 / 體育教師,星期三,第1節,8：40~ 9：20,"203, 303",健康與體育 (體育),林昇輝 / 體育教師,203.303.,全校戶外體育課、跑道球場
操場,操場 (戶外田徑球場),運動,體育組,林昇輝 / 體育教師,星期三,第2節,9：30~10：10,"102, 204, 404",健康與體育 (體育),林昇輝 / 體育教師,102.204. 404,全校戶外體育課、跑道球場
操場,操場 (戶外田徑球場),運動,體育組,林昇輝 / 體育教師,星期三,第3節,10：30~11：10,101,健康與體育 (體育),楊雅婷,101.,全校戶外體育課、跑道球場
操場,操場 (戶外田徑球場),運動,體育組,林昇輝 / 體育教師,星期四,第2節,9：30~10：10,"201, 403",健康與體育 (體育),林昇輝 / 體育教師,201.403..,全校戶外體育課、跑道球場
操場,操場 (戶外田徑球場),運動,體育組,林昇輝 / 體育教師,星期四,第3節,10：30~11：10,"202, 203, 401, 502",健康與體育 (體育),林昇輝 / 體育教師,202.203. 401.502,全校戶外體育課、跑道球場
操場,操場 (戶外田徑球場),運動,體育組,林昇輝 / 體育教師,星期四,第6節,14：20~15：00,"504, 601",健康與體育 (體育),林昇輝 / 體育教師,504.601.,全校戶外體育課、跑道球場
操場,操場 (戶外田徑球場),運動,體育組,林昇輝 / 體育教師,星期四,第7節,15：10~15: 50,"302, 501, 503, 603, 604",健康與體育 (體育),林昇輝 / 體育教師,302.501. 503.603. 604,全校戶外體育課、跑道球場
操場,操場 (戶外田徑球場),運動,體育組,林昇輝 / 體育教師,星期五,第1節,8：40~ 9：20,301,健康與體育 (體育),楊雅婷,301..,全校戶外體育課、跑道球場
操場,操場 (戶外田徑球場),運動,體育組,林昇輝 / 體育教師,星期五,第2節,9：30~10：10,101,健康與體育 (體育),楊雅婷,101.,全校戶外體育課、跑道球場
操場,操場 (戶外田徑球場),運動,體育組,林昇輝 / 體育教師,星期五,第6節,14：20~15：00,602,健康與體育 (體育),林昇輝,602,全校戶外體育課、跑道球場
數位教室,數位教室 (東棟2F),科技,37,張益嘉 老師,星期一,第2節,9：30~10：10,501,社會,張益嘉,501,五年級社會 (501~504)、203健康、阿美族語、數位多媒體專案教學
數位教室,數位教室 (東棟2F),科技,37,張益嘉 老師,星期一,第5節,13：30~14：10,502,社會,張益嘉,502,五年級社會 (501~504)、203健康、阿美族語、數位多媒體專案教學
數位教室,數位教室 (東棟2F),科技,37,張益嘉 老師,星期一,第6節,14：20~15：00,502,社會,張益嘉,502,五年級社會 (501~504)、203健康、阿美族語、數位多媒體專案教學
數位教室,數位教室 (東棟2F),科技,37,張益嘉 老師,星期二,第2節,9：30~10：10,203,健康與體育 (體育),張益嘉,203,五年級社會 (501~504)、203健康、阿美族語、數位多媒體專案教學
數位教室,數位教室 (東棟2F),科技,37,張益嘉 老師,星期二,第5節,13：30~14：10,503,社會,張益嘉,503,五年級社會 (501~504)、203健康、阿美族語、數位多媒體專案教學
數位教室,數位教室 (東棟2F),科技,37,張益嘉 老師,星期二,第6節,14：20~15：00,503,社會,張益嘉,503,五年級社會 (501~504)、203健康、阿美族語、數位多媒體專案教學
數位教室,數位教室 (東棟2F),科技,37,張益嘉 老師,星期二,第7節,15：10~15: 50,501,社會,張益嘉,501,五年級社會 (501~504)、203健康、阿美族語、數位多媒體專案教學
數位教室,數位教室 (東棟2F),科技,37,張益嘉 老師,星期三,第3節,10：30~11：10,503,社會,張益嘉,503,五年級社會 (501~504)、203健康、阿美族語、數位多媒體專案教學
數位教室,數位教室 (東棟2F),科技,37,張益嘉 老師,星期四,第2節,9：30~10：10,501,社會,張益嘉,501,五年級社會 (501~504)、203健康、阿美族語、數位多媒體專案教學
數位教室,數位教室 (東棟2F),科技,37,張益嘉 老師,星期四,第5節,13：30~14：10,502,社會,張益嘉,502,五年級社會 (501~504)、203健康、阿美族語、數位多媒體專案教學
數位教室,數位教室 (東棟2F),科技,37,張益嘉 老師,星期五,第2節,9：30~10：10,六年級,本土語 (阿美族語),高菁雲,六年級,五年級社會 (501~504)、203健康、阿美族語、數位多媒體專案教學
數位教室,數位教室 (東棟2F),科技,37,張益嘉 老師,星期五,第4節,11：20~12：00,五年級,本土語 (阿美族語),高菁雲,五年級,五年級社會 (501~504)、203健康、阿美族語、數位多媒體專案教學
社會1,社會1 (北棟3F),社會,70,符寧珍 老師,星期一,第2節,9：30~10：10,402,社會,符寧珍,402,四年級社會
社會1,社會1 (北棟3F),社會,70,符寧珍 老師,星期一,第3節,10：30~11：10,401,社會,符寧珍,401,四年級社會
社會1,社會1 (北棟3F),社會,70,符寧珍 老師,星期一,第5節,13：30~14：10,403,社會,符寧珍,403,四年級社會
社會1,社會1 (北棟3F),社會,70,符寧珍 老師,星期二,第2節,9：30~10：10,403,社會,符寧珍,403,四年級社會
社會1,社會1 (北棟3F),社會,70,符寧珍 老師,星期二,第3節,10：30~11：10,402,社會,符寧珍,402,四年級社會
社會1,社會1 (北棟3F),社會,70,符寧珍 老師,星期二,第6節,14：20~15：00,401,社會,符寧珍,401,四年級社會
社會1,社會1 (北棟3F),社會,70,符寧珍 老師,星期二,第7節,15：10~15: 50,404,社會,符寧珍,404,四年級社會
社會1,社會1 (北棟3F),社會,70,符寧珍 老師,星期三,第3節,10：30~11：10,404,社會,符寧珍,404,四年級社會
社會1,社會1 (北棟3F),社會,70,符寧珍 老師,星期三,第4節,11：20~12：00,401,社會,符寧珍,401,四年級社會
社會1,社會1 (北棟3F),社會,70,符寧珍 老師,星期四,第3節,10：30~11：10,404,社會,符寧珍,404,四年級社會
社會1,社會1 (北棟3F),社會,70,符寧珍 老師,星期四,第5節,13：30~14：10,402,社會,符寧珍,402,四年級社會
社會1,社會1 (北棟3F),社會,70,符寧珍 老師,星期四,第6節,14：20~15：00,403,社會,符寧珍,403,四年級社會
社會2,社會2 (北棟2F),社會,62,劉玉玲 老師,星期一,第2節,9：30~10：10,301,社會,劉玉玲,301,三年級社會、越南語
社會2,社會2 (北棟2F),社會,62,劉玉玲 老師,星期一,第4節,11：20~12：00,302,社會,劉玉玲,302,三年級社會、越南語
社會2,社會2 (北棟2F),社會,62,劉玉玲 老師,星期一,第5節,13：30~14：10,303,社會,劉玉玲,303,三年級社會、越南語
社會2,社會2 (北棟2F),社會,62,劉玉玲 老師,星期二,第4節,11：20~12：00,301,社會,劉玉玲,301,三年級社會、越南語
社會2,社會2 (北棟2F),社會,62,劉玉玲 老師,星期二,第5節,13：30~14：10,302,社會,劉玉玲,302,三年級社會、越南語
社會2,社會2 (北棟2F),社會,62,劉玉玲 老師,星期三,第3節,10：30~11：10,303,社會,劉玉玲,303,三年級社會、越南語
社會2,社會2 (北棟2F),社會,62,劉玉玲 老師,星期三,第4節,11：20~12：00,201,健康與體育 (體育),劉玉玲,201,三年級社會、越南語
社會2,社會2 (北棟2F),社會,62,劉玉玲 老師,星期四,第2節,9：30~10：10,303,社會,劉玉玲,303,三年級社會、越南語
社會2,社會2 (北棟2F),社會,62,劉玉玲 老師,星期四,第3節,10：30~11：10,302,數學,吳慶美,302,三年級社會、越南語
社會2,社會2 (北棟2F),社會,62,劉玉玲 老師,星期四,第5節,13：30~14：10,301,社會,劉玉玲,301,三年級社會、越南語
社會2,社會2 (北棟2F),社會,62,劉玉玲 老師,星期五,第1節,8：40~ 9：20,二年級,社會,劉玉玲,二年級,三年級社會、越南語
社會2,社會2 (北棟2F),社會,62,劉玉玲 老師,星期五,第2節,9：30~10：10,六年級,社會,劉玉玲,六年級,三年級社會、越南語
社會2,社會2 (北棟2F),社會,62,劉玉玲 老師,星期五,第3節,10：30~11：10,四年級,社會,劉玉玲,四年級,三年級社會、越南語
社會2,社會2 (北棟2F),社會,62,劉玉玲 老師,星期五,第4節,11：20~12：00,五年級,社會,劉玉玲,五年級,三年級社會、越南語
社會3,社會3 (南棟2F),社會,76,蘇莉婷 / 黃岱瑩 老師,星期一,第3節,10：30~11：10,601,社會,游献儀,601,501國際教育、六年級社會、南排灣語直播共學
社會3,社會3 (南棟2F),社會,76,蘇莉婷 / 黃岱瑩 老師,星期一,第4節,11：20~12：00,601,社會,游献儀,601,501國際教育、六年級社會、南排灣語直播共學
社會3,社會3 (南棟2F),社會,76,蘇莉婷 / 黃岱瑩 老師,星期一,第7節,15：10~15: 50,602,社會,游献儀,602,501國際教育、六年級社會、南排灣語直播共學
社會3,社會3 (南棟2F),社會,76,蘇莉婷 / 黃岱瑩 老師,星期二,第4節,11：20~12：00,602,社會,游献儀,602,501國際教育、六年級社會、南排灣語直播共學
社會3,社會3 (南棟2F),社會,76,蘇莉婷 / 黃岱瑩 老師,星期二,第6節,14：20~15：00,603,綜合活動,錢宜君,603,501國際教育、六年級社會、南排灣語直播共學
社會3,社會3 (南棟2F),社會,76,蘇莉婷 / 黃岱瑩 老師,星期三,第3節,10：30~11：10,601,社會,游献儀,601,501國際教育、六年級社會、南排灣語直播共學
社會3,社會3 (南棟2F),社會,76,蘇莉婷 / 黃岱瑩 老師,星期三,第4節,11：20~12：00,501,彈性課程 (國際教育),游献儀,501,501國際教育、六年級社會、南排灣語直播共學
社會3,社會3 (南棟2F),社會,76,蘇莉婷 / 黃岱瑩 老師,星期四,第5節,13：30~14：10,602,社會,游献儀,602,501國際教育、六年級社會、南排灣語直播共學
社會3,社會3 (南棟2F),社會,76,蘇莉婷 / 黃岱瑩 老師,星期四,第6節,14：20~15：00,603,社會,游献儀,603,501國際教育、六年級社會、南排灣語直播共學
社會3,社會3 (南棟2F),社會,76,蘇莉婷 / 黃岱瑩 老師,星期五,第1節,8：40~ 9：20,603,社會,游献儀,603,501國際教育、六年級社會、南排灣語直播共學
社會3,社會3 (南棟2F),社會,76,蘇莉婷 / 黃岱瑩 老師,星期五,第2節,9：30~10：10,六年級,社會,蘇莉婷 / 黃岱瑩,六年級,501國際教育、六年級社會、南排灣語直播共學
美術教室,美術教室 (北棟3F),藝能,64,巴語暘 老師,星期一,第5節,13：30~14：10,602,藝術 (美勞),黃岱瑩,602,六年級美術、客語
美術教室,美術教室 (北棟3F),藝能,64,巴語暘 老師,星期一,第6節,14：20~15：00,602,藝術 (美勞),黃岱瑩,602,六年級美術、客語
美術教室,美術教室 (北棟3F),藝能,64,巴語暘 老師,星期二,第5節,13：30~14：10,601,藝術 (美勞),黃岱瑩,601,六年級美術、客語
美術教室,美術教室 (北棟3F),藝能,64,巴語暘 老師,星期二,第6節,14：20~15：00,601,藝術 (美勞),黃岱瑩,601,六年級美術、客語
美術教室,美術教室 (北棟3F),藝能,64,巴語暘 老師,星期三,第2節,9：30~10：10,604,國語文,陳柏輯,604,六年級美術、客語
美術教室,美術教室 (北棟3F),藝能,64,巴語暘 老師,星期三,第3節,10：30~11：10,604,藝術 (美勞),黃岱瑩,604,六年級美術、客語
美術教室,美術教室 (北棟3F),藝能,64,巴語暘 老師,星期四,第3節,10：30~11：10,二年級,藝術 (美勞),巴語暘,二年級,六年級美術、客語
美術教室,美術教室 (北棟3F),藝能,64,巴語暘 老師,星期四,第4節,11：20~12：00,六年級,藝術 (美勞),巴語暘,六年級,六年級美術、客語
美術教室,美術教室 (北棟3F),藝能,64,巴語暘 老師,星期五,第1節,8：40~ 9：20,一年級,藝術 (美勞),巴語暘,一年級,六年級美術、客語
美術教室,美術教室 (北棟3F),藝能,64,巴語暘 老師,星期五,第2節,9：30~10：10,三年級,藝術 (美勞),巴語暘,三年級,六年級美術、客語
美術教室,美術教室 (北棟3F),藝能,64,巴語暘 老師,星期五,第3節,10：30~11：10,四年級,藝術 (美勞),巴語暘,四年級,六年級美術、客語
美術教室,美術教室 (北棟3F),藝能,64,巴語暘 老師,星期五,第4節,11：20~12：00,五年級,藝術 (美勞),巴語暘,五年級,六年級美術、客語
美術教室,美術教室 (北棟3F),藝能,64,巴語暘 老師,星期五,第5節,13：30~14：10,503,自然科學,陳易農,503美術,六年級美術、客語
美術教室,美術教室 (北棟3F),藝能,64,巴語暘 老師,星期五,第6節,14：20~15：00,503,自然科學,陳易農,503美術,六年級美術、客語
自然1,自然1 (西棟2F),自然,43,曾品熏 老師,星期一,第2節,9：30~10：10,401,自然科學,曾品熏,401自然,401.402自然、401.402.403音樂；星期五晨光及1~4節北排灣語(黃明光老師)
自然1,自然1 (西棟2F),自然,43,曾品熏 老師,星期一,第3節,10：30~11：10,402,自然科學,曾品熏,402自然,401.402自然、401.402.403音樂；星期五晨光及1~4節北排灣語(黃明光老師)
自然1,自然1 (西棟2F),自然,43,曾品熏 老師,星期一,第4節,11：20~12：00,402,藝術 (音樂),曾品熏,402音樂,401.402自然、401.402.403音樂；星期五晨光及1~4節北排灣語(黃明光老師)
自然1,自然1 (西棟2F),自然,43,曾品熏 老師,星期二,第3節,10：30~11：10,401,藝術 (音樂),曾品熏,401音樂,401.402自然、401.402.403音樂；星期五晨光及1~4節北排灣語(黃明光老師)
自然1,自然1 (西棟2F),自然,43,曾品熏 老師,星期二,第4節,11：20~12：00,401,自然科學,曾品熏,401自然,401.402自然、401.402.403音樂；星期五晨光及1~4節北排灣語(黃明光老師)
自然1,自然1 (西棟2F),自然,43,曾品熏 老師,星期二,第6節,14：20~15：00,402,自然科學,曾品熏,402自然,401.402自然、401.402.403音樂；星期五晨光及1~4節北排灣語(黃明光老師)
自然1,自然1 (西棟2F),自然,43,曾品熏 老師,星期三,第2節,9：30~10：10,403,藝術 (音樂),曾品熏,403音樂,401.402自然、401.402.403音樂；星期五晨光及1~4節北排灣語(黃明光老師)
自然1,自然1 (西棟2F),自然,43,曾品熏 老師,星期三,第3節,10：30~11：10,402,自然科學,曾品熏,402自然,401.402自然、401.402.403音樂；星期五晨光及1~4節北排灣語(黃明光老師)
自然1,自然1 (西棟2F),自然,43,曾品熏 老師,星期四,第5節,13：30~14：10,401,自然科學,曾品熏,401自然,401.402自然、401.402.403音樂；星期五晨光及1~4節北排灣語(黃明光老師)
自然1,自然1 (西棟2F),自然,43,曾品熏 老師,星期五,晨光時間,07:45~08:35,三年級,本土語文 (北排灣語),黃明光,三年級,401.402自然、401.402.403音樂；星期五晨光及1~4節北排灣語(黃明光老師)
自然1,自然1 (西棟2F),自然,43,曾品熏 老師,星期五,第1節,8：40~ 9：20,二年級,本土語文 (北排灣語),黃明光,二年級,401.402自然、401.402.403音樂；星期五晨光及1~4節北排灣語(黃明光老師)
自然1,自然1 (西棟2F),自然,43,曾品熏 老師,星期五,第2節,9：30~10：10,六年級,本土語文 (北排灣語),黃明光,六年級,401.402自然、401.402.403音樂；星期五晨光及1~4節北排灣語(黃明光老師)
自然1,自然1 (西棟2F),自然,43,曾品熏 老師,星期五,第3節,10：30~11：10,四年級,本土語文 (北排灣語),黃明光,四年級,401.402自然、401.402.403音樂；星期五晨光及1~4節北排灣語(黃明光老師)
自然1,自然1 (西棟2F),自然,43,曾品熏 老師,星期五,第4節,11：20~12：00,五年級,本土語文 (北排灣語),黃明光,五年級,401.402自然、401.402.403音樂；星期五晨光及1~4節北排灣語(黃明光老師)
自然2,自然2 (西棟2F),自然,46,陳易農 老師,星期一,第2節,9：30~10：10,403,自然科學,陳易農,403,403.404.五年級自然
自然2,自然2 (西棟2F),自然,46,陳易農 老師,星期一,第3節,10：30~11：10,502,自然科學,陳易農,502,403.404.五年級自然
自然2,自然2 (西棟2F),自然,46,陳易農 老師,星期一,第4節,11：20~12：00,502,自然科學,陳易農,502,403.404.五年級自然
自然2,自然2 (西棟2F),自然,46,陳易農 老師,星期二,第2節,9：30~10：10,503,自然科學,陳易農,503,403.404.五年級自然
自然2,自然2 (西棟2F),自然,46,陳易農 老師,星期二,第3節,10：30~11：10,404,自然科學,高志明,404,403.404.五年級自然
自然2,自然2 (西棟2F),自然,46,陳易農 老師,星期二,第4節,11：20~12：00,403,自然科學,陳易農,403,403.404.五年級自然
自然2,自然2 (西棟2F),自然,46,陳易農 老師,星期二,第5節,13：30~14：10,504,自然科學,陳易農,504,403.404.五年級自然
自然2,自然2 (西棟2F),自然,46,陳易農 老師,星期二,第6節,14：20~15：00,501,自然科學,陳易農,501,403.404.五年級自然
自然2,自然2 (西棟2F),自然,46,陳易農 老師,星期二,第7節,15：10~15: 50,204,生活,陳易農,204,403.404.五年級自然
自然2,自然2 (西棟2F),自然,46,陳易農 老師,星期三,第1節,8：40~ 9：20,502,自然科學,陳易農,502,403.404.五年級自然
自然2,自然2 (西棟2F),自然,46,陳易農 老師,星期三,第3節,10：30~11：10,501,自然科學,陳易農,501,403.404.五年級自然
自然2,自然2 (西棟2F),自然,46,陳易農 老師,星期三,第4節,11：20~12：00,204,生活,陳易農,204,403.404.五年級自然
自然2,自然2 (西棟2F),自然,46,陳易農 老師,星期四,第2節,9：30~10：10,504,自然科學,陳易農,504,403.404.五年級自然
自然2,自然2 (西棟2F),自然,46,陳易農 老師,星期四,第3節,10：30~11：10,504,自然科學,陳易農,504,403.404.五年級自然
自然2,自然2 (西棟2F),自然,46,陳易農 老師,星期四,第4節,11：20~12：00,201,生活,陳易農,201,403.404.五年級自然
自然2,自然2 (西棟2F),自然,46,陳易農 老師,星期四,第5節,13：30~14：10,501,自然科學,陳易農,501,403.404.五年級自然
自然2,自然2 (西棟2F),自然,46,陳易農 老師,星期四,第6節,14：20~15：00,404,自然科學,高志明,404,403.404.五年級自然
自然2,自然2 (西棟2F),自然,46,陳易農 老師,星期四,第7節,15：10~15: 50,404,自然科學,高志明,404,403.404.五年級自然
自然2,自然2 (西棟2F),自然,46,陳易農 老師,星期五,第1節,8：40~ 9：20,403,自然科學,陳易農,403,403.404.五年級自然
自然2,自然2 (西棟2F),自然,46,陳易農 老師,星期五,第2節,9：30~10：10,204,生活,陳易農,204,403.404.五年級自然
自然2,自然2 (西棟2F),自然,46,陳易農 老師,星期五,第5節,13：30~14：10,503,自然科學,陳易農,503,403.404.五年級自然
自然2,自然2 (西棟2F),自然,46,陳易農 老師,星期五,第6節,14：20~15：00,503,自然科學,陳易農,503,403.404.五年級自然
自然3,自然3 (西棟2F),自然,47,陳巧燕 老師,星期一,第1節,8：40~ 9：20,303,自然科學,陳巧燕,303,三年級自然、客語
自然3,自然3 (西棟2F),自然,47,陳巧燕 老師,星期一,第2節,9：30~10：10,302,自然科學,陳巧燕,302,三年級自然、客語
自然3,自然3 (西棟2F),自然,47,陳巧燕 老師,星期一,第4節,11：20~12：00,202,生活,黃岱瑩,202,三年級自然、客語
自然3,自然3 (西棟2F),自然,47,陳巧燕 老師,星期一,第6節,14：20~15：00,301,自然科學,陳巧燕,301,三年級自然、客語
自然3,自然3 (西棟2F),自然,47,陳巧燕 老師,星期二,第4節,11：20~12：00,302,自然科學,陳巧燕,302,三年級自然、客語
自然3,自然3 (西棟2F),自然,47,陳巧燕 老師,星期二,第5節,13：30~14：10,303,自然科學,陳巧燕,303,三年級自然、客語
自然3,自然3 (西棟2F),自然,47,陳巧燕 老師,星期二,第6節,14：20~15：00,101,健康與體育 (體育),陳巧燕,101,三年級自然、客語
自然3,自然3 (西棟2F),自然,47,陳巧燕 老師,星期三,第1節,8：40~ 9：20,102,健康與體育 (體育),陳巧燕,102,三年級自然、客語
自然3,自然3 (西棟2F),自然,47,陳巧燕 老師,星期三,第2節,9：30~10：10,302,自然科學,陳巧燕,302,三年級自然、客語
自然3,自然3 (西棟2F),自然,47,陳巧燕 老師,星期三,第3節,10：30~11：10,301,自然科學,陳巧燕,301,三年級自然、客語
自然3,自然3 (西棟2F),自然,47,陳巧燕 老師,星期四,第5節,13：30~14：10,303,自然科學,陳巧燕,303,三年級自然、客語
自然3,自然3 (西棟2F),自然,47,陳巧燕 老師,星期四,第6節,14：20~15：00,301,自然科學,陳巧燕,301,三年級自然、客語
自然4,自然4 (西棟3F),自然,48,王仁昭 老師,星期一,第3節,10：30~11：10,602,自然科學,王仁昭,602,六年級自然
自然4,自然4 (西棟3F),自然,48,王仁昭 老師,星期一,第4節,11：20~12：00,603,自然科學,王仁昭,603,六年級自然
自然4,自然4 (西棟3F),自然,48,王仁昭 老師,星期一,第5節,13：30~14：10,604,自然科學,王仁貞,604,六年級自然
自然4,自然4 (西棟3F),自然,48,王仁昭 老師,星期一,第6節,14：20~15：00,601,自然科學,王仁昭,601,六年級自然
自然4,自然4 (西棟3F),自然,48,王仁昭 老師,星期二,第7節,15：10~15: 50,601,自然科學,王仁昭,601,六年級自然
自然4,自然4 (西棟3F),自然,48,王仁昭 老師,星期三,第3節,10：30~11：10,602,自然科學,王仁昭,602,六年級自然
自然4,自然4 (西棟3F),自然,48,王仁昭 老師,星期三,第4節,11：20~12：00,603,自然科學,王仁昭,603,六年級自然
自然4,自然4 (西棟3F),自然,48,王仁昭 老師,星期四,第2節,9：30~10：10,601,自然科學,王仁昭,601,六年級自然
自然4,自然4 (西棟3F),自然,48,王仁昭 老師,星期四,第4節,11：20~12：00,603,自然科學,王仁昭,603,六年級自然
自然4,自然4 (西棟3F),自然,48,王仁昭 老師,星期四,第5節,13：30~14：10,604,自然科學,王仁貞,604,六年級自然
自然4,自然4 (西棟3F),自然,48,王仁昭 老師,星期四,第7節,15：10~15: 50,602,自然科學,王仁昭,602,六年級自然
自然4,自然4 (西棟3F),自然,48,王仁昭 老師,星期五,第6節,14：20~15：00,604,自然科學,王仁貞,604,六年級自然
英語1,英語1 (英語教室一),英語,65,余美蓉 老師,星期一,第1節,8：40~ 9：20,501,英語文,余美蓉,501英語,五、六年級英語、一年級國際教育
英語1,英語1 (英語教室一),英語,65,余美蓉 老師,星期一,第2節,9：30~10：10,503,英語文,余美蓉,503英語,五、六年級英語、一年級國際教育
英語1,英語1 (英語教室一),英語,65,余美蓉 老師,星期一,第3節,10：30~11：10,101,彈性課程 (國際教育),余美蓉,101國際,五、六年級英語、一年級國際教育
英語1,英語1 (英語教室一),英語,65,余美蓉 老師,星期一,第4節,11：20~12：00,604,英語文,余美蓉,604英語,五、六年級英語、一年級國際教育
英語1,英語1 (英語教室一),英語,65,余美蓉 老師,星期一,第6節,14：20~15：00,504,英語文,余美蓉,504英語,五、六年級英語、一年級國際教育
英語1,英語1 (英語教室一),英語,65,余美蓉 老師,星期二,第2節,9：30~10：10,102,彈性課程 (國際教育),余美蓉,102國際,五、六年級英語、一年級國際教育
英語1,英語1 (英語教室一),英語,65,余美蓉 老師,星期二,第3節,10：30~11：10,602,英語文,余美蓉,602英語,五、六年級英語、一年級國際教育
英語1,英語1 (英語教室一),英語,65,余美蓉 老師,星期二,第4節,11：20~12：00,603,英語文,余美蓉,603英語,五、六年級英語、一年級國際教育
英語1,英語1 (英語教室一),英語,65,余美蓉 老師,星期三,第1節,8：40~ 9：20,103,國語文,蕭靜妮,103國際,五、六年級英語、一年級國際教育
英語1,英語1 (英語教室一),英語,65,余美蓉 老師,星期三,第2節,9：30~10：10,502,英語文,余美蓉,502英語,五、六年級英語、一年級國際教育
英語1,英語1 (英語教室一),英語,65,余美蓉 老師,星期三,第3節,10：30~11：10,503,社會,張益嘉,503英語,五、六年級英語、一年級國際教育
英語1,英語1 (英語教室一),英語,65,余美蓉 老師,星期三,第4節,11：20~12：00,601,英語文,余美蓉,601英語,五、六年級英語、一年級國際教育
英語1,英語1 (英語教室一),英語,65,余美蓉 老師,星期四,第2節,9：30~10：10,603,英語文,余美蓉,603英語,五、六年級英語、一年級國際教育
英語1,英語1 (英語教室一),英語,65,余美蓉 老師,星期四,第3節,10：30~11：10,602,英語文,余美蓉,602英語,五、六年級英語、一年級國際教育
英語1,英語1 (英語教室一),英語,65,余美蓉 老師,星期四,第4節,11：20~12：00,601,英語文,余美蓉,601英語,五、六年級英語、一年級國際教育
英語1,英語1 (英語教室一),英語,65,余美蓉 老師,星期四,第5節,13：30~14：10,504,英語文,余美蓉,504英語,五、六年級英語、一年級國際教育
英語1,英語1 (英語教室一),英語,65,余美蓉 老師,星期五,第1節,8：40~ 9：20,502,英語文,余美蓉,502英語,五、六年級英語、一年級國際教育
英語1,英語1 (英語教室一),英語,65,余美蓉 老師,星期五,第3節,10：30~11：10,501,英語文,余美蓉,501英語,五、六年級英語、一年級國際教育
英語1,英語1 (英語教室一),英語,65,余美蓉 老師,星期五,第4節,11：20~12：00,604,英語文,余美蓉,604英語,五、六年級英語、一年級國際教育
英語2,英語2 (英語教室二),英語,63,謝易庭 老師,星期一,第1節,8：40~ 9：20,201,健康與體育 (體育),謝易庭,201體育,三、四年級英語、二、三、四年級國際教育
英語2,英語2 (英語教室二),英語,63,謝易庭 老師,星期一,第2節,9：30~10：10,303,彈性課程 (國際教育),謝易庭,303國際,三、四年級英語、二、三、四年級國際教育
英語2,英語2 (英語教室二),英語,63,謝易庭 老師,星期一,第3節,10：30~11：10,404,英語文,謝易庭,404英語,三、四年級英語、二、三、四年級國際教育
英語2,英語2 (英語教室二),英語,63,謝易庭 老師,星期一,第4節,11：20~12：00,203,彈性課程 (國際教育),謝易庭,203國際,三、四年級英語、二、三、四年級國際教育
英語2,英語2 (英語教室二),英語,63,謝易庭 老師,星期一,第5節,13：30~14：10,402,英語文,謝易庭,402英語,三、四年級英語、二、三、四年級國際教育
英語2,英語2 (英語教室二),英語,63,謝易庭 老師,星期二,第3節,10：30~11：10,204,彈性課程 (國際教育),謝易庭,204國際,三、四年級英語、二、三、四年級國際教育
英語2,英語2 (英語教室二),英語,63,謝易庭 老師,星期二,第4節,11：20~12：00,201,彈性課程 (國際教育),謝易庭,201國際,三、四年級英語、二、三、四年級國際教育
英語2,英語2 (英語教室二),英語,63,謝易庭 老師,星期二,第5節,13：30~14：10,301,英語文,謝易庭,301英語,三、四年級英語、二、三、四年級國際教育
英語2,英語2 (英語教室二),英語,63,謝易庭 老師,星期二,第6節,14：20~15：00,301,彈性課程 (國際教育),謝易庭,301國際,三、四年級英語、二、三、四年級國際教育
英語2,英語2 (英語教室二),英語,63,謝易庭 老師,星期二,第7節,15：10~15: 50,403,英語文,謝易庭,403英語,三、四年級英語、二、三、四年級國際教育
英語2,英語2 (英語教室二),英語,63,謝易庭 老師,星期三,第1節,8：40~ 9：20,302,英語文,謝易庭,302英語,三、四年級英語、二、三、四年級國際教育
英語2,英語2 (英語教室二),英語,63,謝易庭 老師,星期三,第2節,9：30~10：10,303,英語文,謝易庭,303英語,三、四年級英語、二、三、四年級國際教育
英語2,英語2 (英語教室二),英語,63,謝易庭 老師,星期四,第2節,9：30~10：10,201,健康與體育 (體育),謝易庭,201體育,三、四年級英語、二、三、四年級國際教育
英語2,英語2 (英語教室二),英語,63,謝易庭 老師,星期四,第3節,10：30~11：10,402,彈性課程 (國際教育),謝易庭,402國際,三、四年級英語、二、三、四年級國際教育
英語2,英語2 (英語教室二),英語,63,謝易庭 老師,星期四,第4節,11：20~12：00,202,彈性課程 (國際教育),謝易庭,202國際,三、四年級英語、二、三、四年級國際教育
英語2,英語2 (英語教室二),英語,63,謝易庭 老師,星期四,第5節,13：30~14：10,403,彈性課程 (國際教育),謝易庭,403國際,三、四年級英語、二、三、四年級國際教育
英語2,英語2 (英語教室二),英語,63,謝易庭 老師,星期四,第7節,15：10~15: 50,401,英語文,謝易庭,401英語,三、四年級英語、二、三、四年級國際教育
英語2,英語2 (英語教室二),英語,63,謝易庭 老師,星期五,第1節,8：40~ 9：20,404,彈性課程 (國際教育),謝易庭,404國際,三、四年級英語、二、三、四年級國際教育
英語2,英語2 (英語教室二),英語,63,謝易庭 老師,星期五,第2節,9：30~10：10,302,彈性課程 (國際教育),謝易庭,302國際,三、四年級英語、二、三、四年級國際教育
英語2,英語2 (英語教室二),英語,63,謝易庭 老師,星期五,第4節,11：20~12：00,401,彈性課程 (國際教育),謝易庭,401國際,三、四年級英語、二、三、四年級國際教育
視聽教室,視聽教室 (東棟3F),科技,36,張筑鈞 老師,星期一,第1節,8：40~ 9：20,101,國語文,陳麗萍,101,101生活、401.402音樂、五六年級音樂
視聽教室,視聽教室 (東棟3F),科技,36,張筑鈞 老師,星期一,第2節,9：30~10：10,504,藝術 (音樂),張筑鈞,504,101生活、401.402音樂、五六年級音樂
視聽教室,視聽教室 (東棟3F),科技,36,張筑鈞 老師,星期一,第7節,15：10~15: 50,503,藝術 (音樂),張筑鈞,503,101生活、401.402音樂、五六年級音樂
視聽教室,視聽教室 (東棟3F),科技,36,張筑鈞 老師,星期二,第1節,8：40~ 9：20,101,彈性課程,余美蓉,101,101生活、401.402音樂、五六年級音樂
視聽教室,視聽教室 (東棟3F),科技,36,張筑鈞 老師,星期二,第2節,9：30~10：10,602,藝術 (音樂),蘇鈺洺,602,101生活、401.402音樂、五六年級音樂
視聽教室,視聽教室 (東棟3F),科技,36,張筑鈞 老師,星期二,第3節,10：30~11：10,604,藝術 (音樂),蘇鈺洺,604,101生活、401.402音樂、五六年級音樂
視聽教室,視聽教室 (東棟3F),科技,36,張筑鈞 老師,星期二,第4節,11：20~12：00,601,藝術 (音樂),蘇鈺洺,601,101生活、401.402音樂、五六年級音樂
視聽教室,視聽教室 (東棟3F),科技,36,張筑鈞 老師,星期二,第5節,13：30~14：10,603,藝術 (音樂),蘇鈺洺,603,101生活、401.402音樂、五六年級音樂
視聽教室,視聽教室 (東棟3F),科技,36,張筑鈞 老師,星期二,第6節,14：20~15：00,202,藝術 (音樂),蘇鈺洺,202,101生活、401.402音樂、五六年級音樂
視聽教室,視聽教室 (東棟3F),科技,36,張筑鈞 老師,星期四,第1節,8：40~ 9：20,101,彈性課程,余美蓉,101,101生活、401.402音樂、五六年級音樂
視聽教室,視聽教室 (東棟3F),科技,36,張筑鈞 老師,星期五,第5節,13：30~14：10,502,藝術 (音樂),張筑鈞,502,101生活、401.402音樂、五六年級音樂
視聽教室,視聽教室 (東棟3F),科技,36,張筑鈞 老師,星期五,第6節,14：20~15：00,501,藝術 (音樂),張筑鈞,501,101生活、401.402音樂、五六年級音樂
課後班3,課後班3 (南棟1F),課後,72,李世芬 老師,星期一,第5節,13：30~14：10,404,藝術 (音樂),李世芬,404,一年級音樂、201.203.303.404音樂、502.604國際教育、604社會
課後班3,課後班3 (南棟1F),課後,72,李世芬 老師,星期一,第6節,14：20~15：00,604,彈性課程 (國際教育),李世芬,604,一年級音樂、201.203.303.404音樂、502.604國際教育、604社會
課後班3,課後班3 (南棟1F),課後,72,李世芬 老師,星期二,第3節,10：30~11：10,101,藝術 (音樂),高諄恩,101,一年級音樂、201.203.303.404音樂、502.604國際教育、604社會
課後班3,課後班3 (南棟1F),課後,72,李世芬 老師,星期二,第4節,11：20~12：00,102,藝術 (音樂),李世芬,102,一年級音樂、201.203.303.404音樂、502.604國際教育、604社會
課後班3,課後班3 (南棟1F),課後,72,李世芬 老師,星期二,第5節,13：30~14：10,502,彈性課程 (國際教育),李世芬,502,一年級音樂、201.203.303.404音樂、502.604國際教育、604社會
課後班3,課後班3 (南棟1F),課後,72,李世芬 老師,星期二,第6節,14：20~15：00,604,社會,李世芬,604,一年級音樂、201.203.303.404音樂、502.604國際教育、604社會
課後班3,課後班3 (南棟1F),課後,72,李世芬 老師,星期四,第3節,10：30~11：10,604,社會,李世芬,604,一年級音樂、201.203.303.404音樂、502.604國際教育、604社會
課後班3,課後班3 (南棟1F),課後,72,李世芬 老師,星期四,第4節,11：20~12：00,604,社會,李世芬,604,一年級音樂、201.203.303.404音樂、502.604國際教育、604社會
課後班3,課後班3 (南棟1F),課後,72,李世芬 老師,星期五,第1節,8：40~ 9：20,303,藝術 (音樂),李世芬,303,一年級音樂、201.203.303.404音樂、502.604國際教育、604社會
課後班3,課後班3 (南棟1F),課後,72,李世芬 老師,星期五,第2節,9：30~10：10,203,藝術 (音樂),李世芬,203,一年級音樂、201.203.303.404音樂、502.604國際教育、604社會
課後班3,課後班3 (南棟1F),課後,72,李世芬 老師,星期五,第3節,10：30~11：10,103,藝術 (音樂),蘇莉婷,103,一年級音樂、201.203.303.404音樂、502.604國際教育、604社會
課後班3,課後班3 (南棟1F),課後,72,李世芬 老師,星期五,第4節,11：20~12：00,201,藝術 (音樂),李世芬,201,一年級音樂、201.203.303.404音樂、502.604國際教育、604社會
課後班4,課後班4 (南棟1F),課後,73,蘇莉婷 / 黃岱瑩 老師,星期一,第1節,8：40~ 9：20,103,生活,蘇莉婷,103,103.203生活、302美術、504社會、手語、閩南語
課後班4,課後班4 (南棟1F),課後,73,蘇莉婷 / 黃岱瑩 老師,星期二,第2節,9：30~10：10,103,生活,蘇莉婷,103,103.203生活、302美術、504社會、手語、閩南語
課後班4,課後班4 (南棟1F),課後,73,蘇莉婷 / 黃岱瑩 老師,星期二,第4節,11：20~12：00,504,社會,蘇莉婷,504,103.203生活、302美術、504社會、手語、閩南語
課後班4,課後班4 (南棟1F),課後,73,蘇莉婷 / 黃岱瑩 老師,星期二,第5節,13：30~14：10,203,生活,蘇莉婷,203,103.203生活、302美術、504社會、手語、閩南語
課後班4,課後班4 (南棟1F),課後,73,蘇莉婷 / 黃岱瑩 老師,星期二,第6節,14：20~15：00,302,藝術 (美勞),蘇莉婷,302,103.203生活、302美術、504社會、手語、閩南語
課後班4,課後班4 (南棟1F),課後,73,蘇莉婷 / 黃岱瑩 老師,星期二,第7節,15：10~15: 50,302,藝術 (美勞),蘇莉婷,302,103.203生活、302美術、504社會、手語、閩南語
課後班4,課後班4 (南棟1F),課後,73,蘇莉婷 / 黃岱瑩 老師,星期四,第3節,10：30~11：10,一年級,一年級,蘇莉婷 / 黃岱瑩,一年級,103.203生活、302美術、504社會、手語、閩南語
課後班4,課後班4 (南棟1F),課後,73,蘇莉婷 / 黃岱瑩 老師,星期五,晨光時間,07:45~08:35,三年級,三年級,蘇莉婷 / 黃岱瑩,三年級,103.203生活、302美術、504社會、手語、閩南語
課後班4,課後班4 (南棟1F),課後,73,蘇莉婷 / 黃岱瑩 老師,星期五,第1節,8：40~ 9：20,103,生活,蘇莉婷,103,103.203生活、302美術、504社會、手語、閩南語
課後班4,課後班4 (南棟1F),課後,73,蘇莉婷 / 黃岱瑩 老師,星期五,第2節,9：30~10：10,604,本土語文,林美麗,604,103.203生活、302美術、504社會、手語、閩南語
課後班4,課後班4 (南棟1F),課後,73,蘇莉婷 / 黃岱瑩 老師,星期五,第3節,10：30~11：10,404,本土語文,林美麗,404,103.203生活、302美術、504社會、手語、閩南語
課後班4,課後班4 (南棟1F),課後,73,蘇莉婷 / 黃岱瑩 老師,星期五,第4節,11：20~12：00,504,本土語文,林美麗,504,103.203生活、302美術、504社會、手語、閩南語
課後班4,課後班4 (南棟1F),課後,73,蘇莉婷 / 黃岱瑩 老師,星期五,第5節,13：30~14：10,504,社會,蘇莉婷,504,103.203生活、302美術、504社會、手語、閩南語
課後班4,課後班4 (南棟1F),課後,73,蘇莉婷 / 黃岱瑩 老師,星期五,第6節,14：20~15：00,504,社會,蘇莉婷,504,103.203生活、302美術、504社會、手語、閩南語
電腦教室,電腦教室 (東棟3F),科技,37,高志明 / 張益嘉 老師,星期一,第3節,10：30~11：10,603,彈性課程 (資訊教育),張益嘉,603,全校三、四、五、六年級資訊科技教育 (高志明老師/張益嘉老師)
電腦教室,電腦教室 (東棟3F),科技,37,高志明 / 張益嘉 老師,星期一,第4節,11：20~12：00,404,彈性課程 (資訊教育),高志明,404,全校三、四、五、六年級資訊科技教育 (高志明老師/張益嘉老師)
電腦教室,電腦教室 (東棟3F),科技,37,高志明 / 張益嘉 老師,星期一,第7節,15：10~15: 50,504,彈性課程 (資訊教育),張益嘉,504,全校三、四、五、六年級資訊科技教育 (高志明老師/張益嘉老師)
電腦教室,電腦教室 (東棟3F),科技,37,高志明 / 張益嘉 老師,星期二,第4節,11：20~12：00,604,彈性課程 (資訊教育),張益嘉,604,全校三、四、五、六年級資訊科技教育 (高志明老師/張益嘉老師)
電腦教室,電腦教室 (東棟3F),科技,37,高志明 / 張益嘉 老師,星期二,第6節,14：20~15：00,303,彈性課程 (資訊教育),高志明,303,全校三、四、五、六年級資訊科技教育 (高志明老師/張益嘉老師)
電腦教室,電腦教室 (東棟3F),科技,37,高志明 / 張益嘉 老師,星期三,第1節,8：40~ 9：20,403,彈性課程 (資訊教育),高志明,403,全校三、四、五、六年級資訊科技教育 (高志明老師/張益嘉老師)
電腦教室,電腦教室 (東棟3F),科技,37,高志明 / 張益嘉 老師,星期三,第3節,10：30~11：10,401,彈性課程 (資訊教育),高志明,401,全校三、四、五、六年級資訊科技教育 (高志明老師/張益嘉老師)
電腦教室,電腦教室 (東棟3F),科技,37,高志明 / 張益嘉 老師,星期四,第3節,10：30~11：10,501,彈性課程 (資訊教育),張益嘉,501,全校三、四、五、六年級資訊科技教育 (高志明老師/張益嘉老師)
電腦教室,電腦教室 (東棟3F),科技,37,高志明 / 張益嘉 老師,星期四,第4節,11：20~12：00,503,彈性課程 (資訊教育),張益嘉,503,全校三、四、五、六年級資訊科技教育 (高志明老師/張益嘉老師)
電腦教室,電腦教室 (東棟3F),科技,37,高志明 / 張益嘉 老師,星期四,第5節,13：30~14：10,302,彈性課程 (資訊教育),高志明,302,全校三、四、五、六年級資訊科技教育 (高志明老師/張益嘉老師)
電腦教室,電腦教室 (東棟3F),科技,37,高志明 / 張益嘉 老師,星期四,第6節,14：20~15：00,502,彈性課程 (資訊教育),張益嘉,502,全校三、四、五、六年級資訊科技教育 (高志明老師/張益嘉老師)
電腦教室,電腦教室 (東棟3F),科技,37,高志明 / 張益嘉 老師,星期五,第1節,8：40~ 9：20,601,彈性課程 (資訊教育),張益嘉,601,全校三、四、五、六年級資訊科技教育 (高志明老師/張益嘉老師)
電腦教室,電腦教室 (東棟3F),科技,37,高志明 / 張益嘉 老師,星期五,第2節,9：30~10：10,301,彈性課程 (資訊教育),高志明,301,全校三、四、五、六年級資訊科技教育 (高志明老師/張益嘉老師)
電腦教室,電腦教室 (東棟3F),科技,37,高志明 / 張益嘉 老師,星期五,第4節,11：20~12：00,402,彈性課程 (資訊教育),高志明,402,全校三、四、五、六年級資訊科技教育 (高志明老師/張益嘉老師)
電腦教室,電腦教室 (東棟3F),科技,37,高志明 / 張益嘉 老師,星期五,第5節,13：30~14：10,602,彈性課程 (資訊教育),張益嘉,602,全校三、四、五、六年級資訊科技教育 (高志明老師/張益嘉老師)
音樂教室,音樂教室 (西棟3F),藝能,45,林昇輝 老師,星期一,第2節,9：30~10：10,204,健康與體育 (體育),林昇輝,204,203.204.502.601.602.603 體育
音樂教室,音樂教室 (西棟3F),藝能,45,林昇輝 老師,星期一,第6節,14：20~15：00,603,健康與體育 (體育),林昇輝,603,203.204.502.601.602.603 體育
音樂教室,音樂教室 (西棟3F),藝能,45,林昇輝 老師,星期一,第7節,15：10~15: 50,601,健康與體育 (體育),林昇輝,601,203.204.502.601.602.603 體育
音樂教室,音樂教室 (西棟3F),藝能,45,林昇輝 老師,星期二,第2節,9：30~10：10,502,健康與體育 (體育),凃佳鴻,502,203.204.502.601.602.603 體育
音樂教室,音樂教室 (西棟3F),藝能,45,林昇輝 老師,星期二,第7節,15：10~15: 50,602,健康與體育 (體育),林昇輝,602,203.204.502.601.602.603 體育
音樂教室,音樂教室 (西棟3F),藝能,45,林昇輝 老師,星期三,第1節,8：40~ 9：20,203,健康與體育 (體育),林昇輝,203,203.204.502.601.602.603 體育
音樂教室,音樂教室 (西棟3F),藝能,45,林昇輝 老師,星期三,第2節,9：30~10：10,204,健康與體育 (體育),林昇輝,204,203.204.502.601.602.603 體育
音樂教室,音樂教室 (西棟3F),藝能,45,林昇輝 老師,星期四,第3節,10：30~11：10,502,健康與體育 (體育),凃佳鴻,502,203.204.502.601.602.603 體育
音樂教室,音樂教室 (西棟3F),藝能,45,林昇輝 老師,星期四,第4節,11：20~12：00,203,生活,蘇莉婷,203,203.204.502.601.602.603 體育
音樂教室,音樂教室 (西棟3F),藝能,45,林昇輝 老師,星期四,第6節,14：20~15：00,601,健康與體育 (體育),林昇輝,601,203.204.502.601.602.603 體育
音樂教室,音樂教室 (西棟3F),藝能,45,林昇輝 老師,星期四,第7節,15：10~15: 50,603,健康與體育 (體育),林昇輝,603,203.204.502.601.602.603 體育
音樂教室,音樂教室 (西棟3F),藝能,45,林昇輝 老師,星期五,第6節,14：20~15：00,602,健康與體育 (體育),林昇輝,602,203.204.502.601.602.603 體育
體適能教室,體適能教室 (西棟2F),運動,44,楊雅婷 老師,星期一,第1節,8：40~ 9：20,102,健康與體育 (體育),楊雅婷,102,一年級體育、三年級體育、401.403體育
體適能教室,體適能教室 (西棟2F),運動,44,楊雅婷 老師,星期一,第2節,9：30~10：10,103,健康與體育 (體育),楊雅婷,103,一年級體育、三年級體育、401.403體育
體適能教室,體適能教室 (西棟2F),運動,44,楊雅婷 老師,星期一,第3節,10：30~11：10,301,健康與體育 (體育),楊雅婷,301,一年級體育、三年級體育、401.403體育
體適能教室,體適能教室 (西棟2F),運動,44,楊雅婷 老師,星期一,第6節,14：20~15：00,403,健康與體育 (體育),楊雅婷,403,一年級體育、三年級體育、401.403體育
體適能教室,體適能教室 (西棟2F),運動,44,楊雅婷 老師,星期一,第7節,15：10~15: 50,401,健康與體育 (體育),楊雅婷,401,一年級體育、三年級體育、401.403體育
體適能教室,體適能教室 (西棟2F),運動,44,楊雅婷 老師,星期二,第3節,10：30~11：10,302,健康與體育 (體育),楊雅婷,302,一年級體育、三年級體育、401.403體育
體適能教室,體適能教室 (西棟2F),運動,44,楊雅婷 老師,星期二,第6節,14：20~15：00,103,健康與體育 (體育),楊雅婷,103,一年級體育、三年級體育、401.403體育
體適能教室,體適能教室 (西棟2F),運動,44,楊雅婷 老師,星期二,第7節,15：10~15: 50,303,健康與體育 (體育),楊雅婷,303,一年級體育、三年級體育、401.403體育
體適能教室,體適能教室 (西棟2F),運動,44,楊雅婷 老師,星期三,第1節,8：40~ 9：20,303,健康與體育 (體育),楊雅婷,303,一年級體育、三年級體育、401.403體育
體適能教室,體適能教室 (西棟2F),運動,44,楊雅婷 老師,星期三,第2節,9：30~10：10,102,健康與體育 (體育),楊雅婷,102,一年級體育、三年級體育、401.403體育
體適能教室,體適能教室 (西棟2F),運動,44,楊雅婷 老師,星期三,第3節,10：30~11：10,101,健康與體育 (體育),楊雅婷,101,一年級體育、三年級體育、401.403體育
體適能教室,體適能教室 (西棟2F),運動,44,楊雅婷 老師,星期四,第2節,9：30~10：10,403,健康與體育 (體育),楊雅婷,403,一年級體育、三年級體育、401.403體育
體適能教室,體適能教室 (西棟2F),運動,44,楊雅婷 老師,星期四,第3節,10：30~11：10,401,健康與體育 (體育),楊雅婷,401,一年級體育、三年級體育、401.403體育
體適能教室,體適能教室 (西棟2F),運動,44,楊雅婷 老師,星期四,第7節,15：10~15: 50,302,健康與體育 (體育),楊雅婷,302,一年級體育、三年級體育、401.403體育
體適能教室,體適能教室 (西棟2F),運動,44,楊雅婷 老師,星期五,第1節,8：40~ 9：20,301,健康與體育 (體育),楊雅婷,301,一年級體育、三年級體育、401.403體育
體適能教室,體適能教室 (西棟2F),運動,44,楊雅婷 老師,星期五,第2節,9：30~10：10,101,健康與體育 (體育),楊雅婷,101,一年級體育、三年級體育、401.403體育
