班級/教室,年級,星期,節次,時間,科目,上課老師,老師身份,導師,上課地點
101,一年級,星期一,第1節,8:40~ 9:20,國語文,陳麗萍,導師,陳麗萍,101 教室
101,一年級,星期一,第2節,9:30~10:10,生活,高諄恩,科任,陳麗萍,101 教室
101,一年級,星期一,第3節,10:30~11:10,彈性課程 (國際教育),余美蓉,科任,陳麗萍,英語1 (英語教室一)
101,一年級,星期一,第4節,11:20~12:00,數學,陳麗萍,導師,陳麗萍,101 教室
101,一年級,星期一,第5節,13:30~14:10,（無排課）,—,—,陳麗萍,101 教室
101,一年級,星期一,第6節,14:20~15:00,（無排課）,—,—,陳麗萍,101 教室
101,一年級,星期一,第7節,15:10~15: 50,（無排課）,—,—,陳麗萍,101 教室
101,一年級,星期二,第1節,8:40~ 9:20,彈性課程,陳麗萍,導師,陳麗萍,101 教室
101,一年級,星期二,第2節,9:30~10:10,生活,高諄恩,科任,陳麗萍,101 教室
101,一年級,星期二,第3節,10:30~11:10,藝術 (音樂),李世芬,科任,陳麗萍,課後班3 (南棟1F)
101,一年級,星期二,第4節,11:20~12:00,國語文,陳麗萍,導師,陳麗萍,101 教室
101,一年級,星期二,第5節,13:30~14:10,藝術 (美勞),陳麗萍,導師,陳麗萍,101 教室
101,一年級,星期二,第6節,14:20~15:00,健康與體育 (體育),陳巧燕,科任,陳麗萍,自然3 (西棟2F)
101,一年級,星期二,第7節,15:10~15: 50,藝術 (美勞),陳麗萍,導師,陳麗萍,101 教室
101,一年級,星期三,第1節,8:40~ 9:20,國語文,陳麗萍,導師,陳麗萍,101 教室
101,一年級,星期三,第2節,9:30~10:10,國語文,陳麗萍,導師,陳麗萍,101 教室
101,一年級,星期三,第3節,10:30~11:10,健康與體育 (體育),楊雅婷,科任,陳麗萍,操場 (戶外田徑球場)
101,一年級,星期三,第4節,11:20~12:00,數學,陳麗萍,導師,陳麗萍,101 教室
101,一年級,星期三,第5節,13:30~14:10,（無排課）,—,—,陳麗萍,101 教室
101,一年級,星期三,第6節,14:20~15:00,（無排課）,—,—,陳麗萍,101 教室
101,一年級,星期三,第7節,15:10~15: 50,（無排課）,—,—,陳麗萍,101 教室
101,一年級,星期四,第1節,8:40~ 9:20,彈性課程,陳麗萍,導師,陳麗萍,101 教室
101,一年級,星期四,第2節,9:30~10:10,生活,高諄恩,科任,陳麗萍,101 教室
101,一年級,星期四,第3節,10:30~11:10,本土語文,陳麗萍,導師,陳麗萍,101 教室
101,一年級,星期四,第4節,11:20~12:00,數學,陳麗萍,導師,陳麗萍,101 教室
101,一年級,星期四,第5節,13:30~14:10,（無排課）,—,—,陳麗萍,101 教室
101,一年級,星期四,第6節,14:20~15:00,（無排課）,—,—,陳麗萍,101 教室
101,一年級,星期四,第7節,15:10~15: 50,（無排課）,—,—,陳麗萍,101 教室
101,一年級,星期五,第1節,8:40~ 9:20,國語文,陳麗萍,導師,陳麗萍,101 教室
101,一年級,星期五,第2節,9:30~10:10,健康與體育 (體育),楊雅婷,科任,陳麗萍,操場 (戶外田徑球場)
101,一年級,星期五,第3節,10:30~11:10,數學,陳麗萍,導師,陳麗萍,101 教室
101,一年級,星期五,第4節,11:20~12:00,國語文,陳麗萍,導師,陳麗萍,101 教室
101,一年級,星期五,第5節,13:30~14:10,（無排課）,—,—,陳麗萍,101 教室
101,一年級,星期五,第6節,14:20~15:00,（無排課）,—,—,陳麗萍,101 教室
101,一年級,星期五,第7節,15:10~15: 50,（無排課）,—,—,陳麗萍,101 教室
102,一年級,星期一,第1節,8:40~ 9:20,健康與體育 (體育),楊雅婷,科任,卜婷卉,體適能教室 (西棟2F)
102,一年級,星期一,第2節,9:30~10:10,生活,卜婷卉,導師,卜婷卉,102 教室
102,一年級,星期一,第3節,10:30~11:10,數學,卜婷卉,導師,卜婷卉,102 教室
102,一年級,星期一,第4節,11:20~12:00,國語文,卜婷卉,導師,卜婷卉,102 教室
102,一年級,星期一,第5節,13:30~14:10,（無排課）,—,—,卜婷卉,102 教室
102,一年級,星期一,第6節,14:20~15:00,（無排課）,—,—,卜婷卉,102 教室
102,一年級,星期一,第7節,15:10~15: 50,（無排課）,—,—,卜婷卉,102 教室
102,一年級,星期二,第1節,8:40~ 9:20,彈性課程,卜婷卉,導師,卜婷卉,102 教室
102,一年級,星期二,第2節,9:30~10:10,彈性課程 (國際教育),余美蓉,科任,卜婷卉,英語1 (英語教室一)
102,一年級,星期二,第3節,10:30~11:10,數學,卜婷卉,導師,卜婷卉,102 教室
102,一年級,星期二,第4節,11:20~12:00,藝術 (音樂),李世芬,科任,卜婷卉,課後班3 (南棟1F)
102,一年級,星期二,第5節,13:30~14:10,國語文,卜婷卉,導師,卜婷卉,102 教室
102,一年級,星期二,第6節,14:20~15:00,國語文,卜婷卉,導師,卜婷卉,102 教室
102,一年級,星期二,第7節,15:10~15: 50,生活,卜婷卉,導師,卜婷卉,102 教室
102,一年級,星期三,第1節,8:40~ 9:20,健康與體育 (體育),陳巧燕,科任,卜婷卉,自然3 (西棟2F)
102,一年級,星期三,第2節,9:30~10:10,健康與體育 (體育),楊雅婷,科任,卜婷卉,體適能教室 (西棟2F)
102,一年級,星期三,第3節,10:30~11:10,數學,卜婷卉,導師,卜婷卉,102 教室
102,一年級,星期三,第4節,11:20~12:00,國語文,卜婷卉,導師,卜婷卉,102 教室
102,一年級,星期三,第5節,13:30~14:10,（無排課）,—,—,卜婷卉,102 教室
102,一年級,星期三,第6節,14:20~15:00,（無排課）,—,—,卜婷卉,102 教室
102,一年級,星期三,第7節,15:10~15: 50,（無排課）,—,—,卜婷卉,102 教室
102,一年級,星期四,第1節,8:40~ 9:20,彈性課程,卜婷卉,導師,卜婷卉,102 教室
102,一年級,星期四,第2節,9:30~10:10,生活,卜婷卉,導師,卜婷卉,102 教室
102,一年級,星期四,第3節,10:30~11:10,本土語文,卜婷卉,導師,卜婷卉,102 教室
102,一年級,星期四,第4節,11:20~12:00,國語文,卜婷卉,導師,卜婷卉,102 教室
102,一年級,星期四,第5節,13:30~14:10,（無排課）,—,—,卜婷卉,102 教室
102,一年級,星期四,第6節,14:20~15:00,（無排課）,—,—,卜婷卉,102 教室
102,一年級,星期四,第7節,15:10~15: 50,（無排課）,—,—,卜婷卉,102 教室
102,一年級,星期五,第1節,8:40~ 9:20,數學,卜婷卉,導師,卜婷卉,102 教室
102,一年級,星期五,第2節,9:30~10:10,藝術 (美勞),黃岱瑩,科任,卜婷卉,多功能教室 (西棟3F)
102,一年級,星期五,第3節,10:30~11:10,藝術 (美勞),黃岱瑩,科任,卜婷卉,多功能教室 (西棟3F)
102,一年級,星期五,第4節,11:20~12:00,國語文,卜婷卉,導師,卜婷卉,102 教室
102,一年級,星期五,第5節,13:30~14:10,（無排課）,—,—,卜婷卉,102 教室
102,一年級,星期五,第6節,14:20~15:00,（無排課）,—,—,卜婷卉,102 教室
102,一年級,星期五,第7節,15:10~15: 50,（無排課）,—,—,卜婷卉,102 教室
103,一年級,星期一,第1節,8:40~ 9:20,生活,蘇莉婷,科任,蕭靜妮,課後班4 (南棟1F)
103,一年級,星期一,第2節,9:30~10:10,健康與體育 (體育),楊雅婷,科任,蕭靜妮,體適能教室 (西棟2F)
103,一年級,星期一,第3節,10:30~11:10,國語文,蕭靜妮,導師,蕭靜妮,103 教室
103,一年級,星期一,第4節,11:20~12:00,數學,蕭靜妮,導師,蕭靜妮,103 教室
103,一年級,星期一,第5節,13:30~14:10,（無排課）,—,—,蕭靜妮,103 教室
103,一年級,星期一,第6節,14:20~15:00,（無排課）,—,—,蕭靜妮,103 教室
103,一年級,星期一,第7節,15:10~15: 50,（無排課）,—,—,蕭靜妮,103 教室
103,一年級,星期二,第1節,8:40~ 9:20,彈性課程,蕭靜妮,導師,蕭靜妮,103 教室
103,一年級,星期二,第2節,9:30~10:10,生活,蘇莉婷,科任,蕭靜妮,課後班4 (南棟1F)
103,一年級,星期二,第3節,10:30~11:10,數學,蕭靜妮,導師,蕭靜妮,103 教室
103,一年級,星期二,第4節,11:20~12:00,國語文,蕭靜妮,導師,蕭靜妮,103 教室
103,一年級,星期二,第5節,13:30~14:10,健康與體育 (體育),高諄恩,科任,蕭靜妮,操場
103,一年級,星期二,第6節,14:20~15:00,健康與體育 (體育),楊雅婷,科任,蕭靜妮,體適能教室 (西棟2F)
103,一年級,星期二,第7節,15:10~15: 50,藝術 (美勞),蕭靜妮,導師,蕭靜妮,103 教室
103,一年級,星期三,第1節,8:40~ 9:20,國語文,蕭靜妮,導師,蕭靜妮,103 教室
103,一年級,星期三,第2節,9:30~10:10,數學,蕭靜妮,導師,蕭靜妮,103 教室
103,一年級,星期三,第3節,10:30~11:10,彈性課程 (國際教育),余美蓉,科任,蕭靜妮,英語1 (英語教室一)
103,一年級,星期三,第4節,11:20~12:00,藝術 (美勞),蕭靜妮,導師,蕭靜妮,103 教室
103,一年級,星期三,第5節,13:30~14:10,（無排課）,—,—,蕭靜妮,103 教室
103,一年級,星期三,第6節,14:20~15:00,（無排課）,—,—,蕭靜妮,103 教室
103,一年級,星期三,第7節,15:10~15: 50,（無排課）,—,—,蕭靜妮,103 教室
103,一年級,星期四,第1節,8:40~ 9:20,彈性課程,蕭靜妮,導師,蕭靜妮,103 教室
103,一年級,星期四,第2節,9:30~10:10,國語文,蕭靜妮,導師,蕭靜妮,103 教室
103,一年級,星期四,第3節,10:30~11:10,本土語文,蕭靜妮,導師,蕭靜妮,103 教室
103,一年級,星期四,第4節,11:20~12:00,國語文,蕭靜妮,導師,蕭靜妮,103 教室
103,一年級,星期四,第5節,13:30~14:10,（無排課）,—,—,蕭靜妮,103 教室
103,一年級,星期四,第6節,14:20~15:00,（無排課）,—,—,蕭靜妮,103 教室
103,一年級,星期四,第7節,15:10~15: 50,（無排課）,—,—,蕭靜妮,103 教室
103,一年級,星期五,第1節,8:40~ 9:20,生活,蘇莉婷,科任,蕭靜妮,課後班4 (南棟1F)
103,一年級,星期五,第2節,9:30~10:10,國語文,蕭靜妮,導師,蕭靜妮,103 教室
103,一年級,星期五,第3節,10:30~11:10,藝術 (音樂),李世芬,科任,蕭靜妮,課後班3 (南棟1F)
103,一年級,星期五,第4節,11:20~12:00,數學,蕭靜妮,導師,蕭靜妮,103 教室
103,一年級,星期五,第5節,13:30~14:10,（無排課）,—,—,蕭靜妮,103 教室
103,一年級,星期五,第6節,14:20~15:00,（無排課）,—,—,蕭靜妮,103 教室
103,一年級,星期五,第7節,15:10~15: 50,（無排課）,—,—,蕭靜妮,103 教室
201,二年級,星期一,第1節,8:40~ 9:20,健康與體育 (體育),謝易庭,科任,張素菁,英語2 (英語教室二)
201,二年級,星期一,第2節,9:30~10:10,生活,張素菁,導師,張素菁,201 教室
201,二年級,星期一,第3節,10:30~11:10,數學,張素菁,導師,張素菁,201 教室
201,二年級,星期一,第4節,11:20~12:00,國語文,張素菁,導師,張素菁,201 教室
201,二年級,星期一,第5節,13:30~14:10,（無排課）,—,—,張素菁,201 教室
201,二年級,星期一,第6節,14:20~15:00,（無排課）,—,—,張素菁,201 教室
201,二年級,星期一,第7節,15:10~15: 50,（無排課）,—,—,張素菁,201 教室
201,二年級,星期二,第1節,8:40~ 9:20,彈性課程,張素菁,導師,張素菁,201 教室
201,二年級,星期二,第2節,9:30~10:10,國語文,張素菁,導師,張素菁,201 教室
201,二年級,星期二,第3節,10:30~11:10,數學,張素菁,導師,張素菁,201 教室
201,二年級,星期二,第4節,11:20~12:00,彈性課程 (國際教育),謝易庭,科任,張素菁,英語2 (英語教室二)
201,二年級,星期二,第5節,13:30~14:10,國語文,張素菁,導師,張素菁,201 教室
201,二年級,星期二,第6節,14:20~15:00,藝術 (美勞),張素菁,導師,張素菁,201 教室
201,二年級,星期二,第7節,15:10~15: 50,藝術 (美勞),張素菁,導師,張素菁,201 教室
201,二年級,星期三,第1節,8:40~ 9:20,生活,張素菁,導師,張素菁,201 教室
201,二年級,星期三,第2節,9:30~10:10,數學,張素菁,導師,張素菁,201 教室
201,二年級,星期三,第3節,10:30~11:10,國語文,張素菁,導師,張素菁,201 教室
201,二年級,星期三,第4節,11:20~12:00,健康與體育 (體育),劉玉玲,科任,張素菁,社會2 (北棟2F)
201,二年級,星期三,第5節,13:30~14:10,（無排課）,—,—,張素菁,201 教室
201,二年級,星期三,第6節,14:20~15:00,（無排課）,—,—,張素菁,201 教室
201,二年級,星期三,第7節,15:10~15: 50,（無排課）,—,—,張素菁,201 教室
201,二年級,星期四,第1節,8:40~ 9:20,彈性課程,張素菁,導師,張素菁,201 教室
201,二年級,星期四,第2節,9:30~10:10,健康與體育 (體育),謝易庭,科任,張素菁,英語2 (英語教室二)
201,二年級,星期四,第3節,10:30~11:10,國語文,張素菁,導師,張素菁,201 教室
201,二年級,星期四,第4節,11:20~12:00,生活,陳易農,科任,張素菁,自然2 (西棟2F)
201,二年級,星期四,第5節,13:30~14:10,（無排課）,—,—,張素菁,201 教室
201,二年級,星期四,第6節,14:20~15:00,（無排課）,—,—,張素菁,201 教室
201,二年級,星期四,第7節,15:10~15: 50,（無排課）,—,—,張素菁,201 教室
201,二年級,星期五,第1節,8:40~ 9:20,本土語文,張素菁,導師,張素菁,201 教室
201,二年級,星期五,第2節,9:30~10:10,國語文,張素菁,導師,張素菁,201 教室
201,二年級,星期五,第3節,10:30~11:10,數學,張素菁,導師,張素菁,201 教室
201,二年級,星期五,第4節,11:20~12:00,藝術 (音樂),李世芬,科任,張素菁,課後班3 (南棟1F)
201,二年級,星期五,第5節,13:30~14:10,（無排課）,—,—,張素菁,201 教室
201,二年級,星期五,第6節,14:20~15:00,（無排課）,—,—,張素菁,201 教室
201,二年級,星期五,第7節,15:10~15: 50,（無排課）,—,—,張素菁,201 教室
202,二年級,星期一,第1節,8:40~ 9:20,國語文,許瀞尹,導師,許瀞尹,202 教室
202,二年級,星期一,第2節,9:30~10:10,國語文,許瀞尹,導師,許瀞尹,202 教室
202,二年級,星期一,第3節,10:30~11:10,數學,許瀞尹,導師,許瀞尹,202 教室
202,二年級,星期一,第4節,11:20~12:00,生活,黃岱瑩,科任,許瀞尹,自然3 (西棟2F)
202,二年級,星期一,第5節,13:30~14:10,（無排課）,—,—,許瀞尹,202 教室
202,二年級,星期一,第6節,14:20~15:00,（無排課）,—,—,許瀞尹,202 教室
202,二年級,星期一,第7節,15:10~15: 50,（無排課）,—,—,許瀞尹,202 教室
202,二年級,星期二,第1節,8:40~ 9:20,彈性課程,許瀞尹,導師,許瀞尹,202 教室
202,二年級,星期二,第2節,9:30~10:10,健康與體育 (體育),黃銓文,科任,許瀞尹,操場 (戶外田徑球場)
202,二年級,星期二,第3節,10:30~11:10,數學,許瀞尹,導師,許瀞尹,202 教室
202,二年級,星期二,第4節,11:20~12:00,國語文,許瀞尹,導師,許瀞尹,202 教室
202,二年級,星期二,第5節,13:30~14:10,藝術 (美勞),許瀞尹,導師,許瀞尹,202 教室
202,二年級,星期二,第6節,14:20~15:00,藝術 (音樂),蘇鈺洺,科任,許瀞尹,視聽教室 (東棟3F)
202,二年級,星期二,第7節,15:10~15: 50,生活,許瀞尹,導師,許瀞尹,202 教室
202,二年級,星期三,第1節,8:40~ 9:20,健康與體育 (體育),許瀞尹,導師,許瀞尹,202 教室
202,二年級,星期三,第2節,9:30~10:10,數學,許瀞尹,導師,許瀞尹,202 教室
202,二年級,星期三,第3節,10:30~11:10,國語文,許瀞尹,導師,許瀞尹,202 教室
202,二年級,星期三,第4節,11:20~12:00,生活,許瀞尹,導師,許瀞尹,202 教室
202,二年級,星期三,第5節,13:30~14:10,（無排課）,—,—,許瀞尹,202 教室
202,二年級,星期三,第6節,14:20~15:00,（無排課）,—,—,許瀞尹,202 教室
202,二年級,星期三,第7節,15:10~15: 50,（無排課）,—,—,許瀞尹,202 教室
202,二年級,星期四,第1節,8:40~ 9:20,彈性課程,許瀞尹,導師,許瀞尹,202 教室
202,二年級,星期四,第2節,9:30~10:10,國語文,許瀞尹,導師,許瀞尹,202 教室
202,二年級,星期四,第3節,10:30~11:10,生活,黃銓文,科任,許瀞尹,操場 (戶外田徑球場)
202,二年級,星期四,第4節,11:20~12:00,彈性課程 (國際教育),謝易庭,科任,許瀞尹,英語2 (英語教室二)
202,二年級,星期四,第5節,13:30~14:10,（無排課）,—,—,許瀞尹,202 教室
202,二年級,星期四,第6節,14:20~15:00,（無排課）,—,—,許瀞尹,202 教室
202,二年級,星期四,第7節,15:10~15: 50,（無排課）,—,—,許瀞尹,202 教室
202,二年級,星期五,第1節,8:40~ 9:20,本土語文,許瀞尹,導師,許瀞尹,202 教室
202,二年級,星期五,第2節,9:30~10:10,健康與體育 (體育),許瀞尹,導師,許瀞尹,202 教室
202,二年級,星期五,第3節,10:30~11:10,數學,許瀞尹,導師,許瀞尹,202 教室
202,二年級,星期五,第4節,11:20~12:00,國語文,許瀞尹,導師,許瀞尹,202 教室
202,二年級,星期五,第5節,13:30~14:10,（無排課）,—,—,許瀞尹,202 教室
202,二年級,星期五,第6節,14:20~15:00,（無排課）,—,—,許瀞尹,202 教室
202,二年級,星期五,第7節,15:10~15: 50,（無排課）,—,—,許瀞尹,202 教室
203,二年級,星期一,第1節,8:40~ 9:20,國語文,陳偉潔,導師,陳偉潔,203 教室
203,二年級,星期一,第2節,9:30~10:10,國語文,陳偉潔,導師,陳偉潔,203 教室
203,二年級,星期一,第3節,10:30~11:10,數學,陳偉潔,導師,陳偉潔,203 教室
203,二年級,星期一,第4節,11:20~12:00,彈性課程 (國際教育),謝易庭,科任,陳偉潔,英語2 (英語教室二)
203,二年級,星期一,第5節,13:30~14:10,（無排課）,—,—,陳偉潔,203 教室
203,二年級,星期一,第6節,14:20~15:00,（無排課）,—,—,陳偉潔,203 教室
203,二年級,星期一,第7節,15:10~15: 50,（無排課）,—,—,陳偉潔,203 教室
203,二年級,星期二,第1節,8:40~ 9:20,彈性課程,陳偉潔,導師,陳偉潔,203 教室
203,二年級,星期二,第2節,9:30~10:10,健康與體育 (體育),張益嘉,科任,陳偉潔,數位教室 (東棟2F)
203,二年級,星期二,第3節,10:30~11:10,數學,陳偉潔,導師,陳偉潔,203 教室
203,二年級,星期二,第4節,11:20~12:00,國語文,陳偉潔,導師,陳偉潔,203 教室
203,二年級,星期二,第5節,13:30~14:10,生活,蘇莉婷,科任,陳偉潔,課後班4 (南棟1F)
203,二年級,星期二,第6節,14:20~15:00,藝術 (美勞),陳偉潔,導師,陳偉潔,203 教室
203,二年級,星期二,第7節,15:10~15: 50,藝術 (美勞),陳偉潔,導師,陳偉潔,203 教室
203,二年級,星期三,第1節,8:40~ 9:20,健康與體育 (體育),林昇輝,科任,陳偉潔,音樂教室 (西棟3F)
203,二年級,星期三,第2節,9:30~10:10,數學,陳偉潔,導師,陳偉潔,203 教室
203,二年級,星期三,第3節,10:30~11:10,國語文,陳偉潔,導師,陳偉潔,203 教室
203,二年級,星期三,第4節,11:20~12:00,生活,陳偉潔,導師,陳偉潔,203 教室
203,二年級,星期三,第5節,13:30~14:10,（無排課）,—,—,陳偉潔,203 教室
203,二年級,星期三,第6節,14:20~15:00,（無排課）,—,—,陳偉潔,203 教室
203,二年級,星期三,第7節,15:10~15: 50,（無排課）,—,—,陳偉潔,203 教室
203,二年級,星期四,第1節,8:40~ 9:20,彈性課程,陳偉潔,導師,陳偉潔,203 教室
203,二年級,星期四,第2節,9:30~10:10,國語文,陳偉潔,導師,陳偉潔,203 教室
203,二年級,星期四,第3節,10:30~11:10,健康與體育 (體育),陳偉潔,導師,陳偉潔,203 教室
203,二年級,星期四,第4節,11:20~12:00,生活,林昇輝,科任,陳偉潔,音樂教室 (西棟3F)
203,二年級,星期四,第5節,13:30~14:10,（無排課）,—,—,陳偉潔,203 教室
203,二年級,星期四,第6節,14:20~15:00,（無排課）,—,—,陳偉潔,203 教室
203,二年級,星期四,第7節,15:10~15: 50,（無排課）,—,—,陳偉潔,203 教室
203,二年級,星期五,第1節,8:40~ 9:20,本土語文,陳偉潔,導師,陳偉潔,203 教室
203,二年級,星期五,第2節,9:30~10:10,藝術 (音樂),李世芬,科任,陳偉潔,課後班3 (南棟1F)
203,二年級,星期五,第3節,10:30~11:10,數學,陳偉潔,導師,陳偉潔,203 教室
203,二年級,星期五,第4節,11:20~12:00,國語文,陳偉潔,導師,陳偉潔,203 教室
203,二年級,星期五,第5節,13:30~14:10,（無排課）,—,—,陳偉潔,203 教室
203,二年級,星期五,第6節,14:20~15:00,（無排課）,—,—,陳偉潔,203 教室
203,二年級,星期五,第7節,15:10~15: 50,（無排課）,—,—,陳偉潔,203 教室
204,二年級,星期一,第1節,8:40~ 9:20,國語文,陳俐伶,導師,陳俐伶,204 教室
204,二年級,星期一,第2節,9:30~10:10,健康與體育 (體育),林昇輝,科任,陳俐伶,音樂教室 (西棟3F)
204,二年級,星期一,第3節,10:30~11:10,數學,陳俐伶,導師,陳俐伶,204 教室
204,二年級,星期一,第4節,11:20~12:00,藝術 (音樂),陳俐伶,導師,陳俐伶,204 教室
204,二年級,星期一,第5節,13:30~14:10,（無排課）,—,—,陳俐伶,204 教室
204,二年級,星期一,第6節,14:20~15:00,（無排課）,—,—,陳俐伶,204 教室
204,二年級,星期一,第7節,15:10~15: 50,（無排課）,—,—,陳俐伶,204 教室
204,二年級,星期二,第1節,8:40~ 9:20,彈性課程,陳俐伶,導師,陳俐伶,204 教室
204,二年級,星期二,第2節,9:30~10:10,國語文,陳俐伶,導師,陳俐伶,204 教室
204,二年級,星期二,第3節,10:30~11:10,彈性課程 (國際教育),謝易庭,科任,陳俐伶,英語2 (英語教室二)
204,二年級,星期二,第4節,11:20~12:00,數學,陳俐伶,導師,陳俐伶,204 教室
204,二年級,星期二,第5節,13:30~14:10,藝術 (美勞),陳俐伶,導師,陳俐伶,204 教室
204,二年級,星期二,第6節,14:20~15:00,國語文,陳俐伶,導師,陳俐伶,204 教室
204,二年級,星期二,第7節,15:10~15: 50,生活,陳易農,科任,陳俐伶,自然2 (西棟2F)
204,二年級,星期三,第1節,8:40~ 9:20,國語文,陳俐伶,導師,陳俐伶,204 教室
204,二年級,星期三,第2節,9:30~10:10,健康與體育 (體育),林昇輝,科任,陳俐伶,音樂教室 (西棟3F)
204,二年級,星期三,第3節,10:30~11:10,數學,陳俐伶,導師,陳俐伶,204 教室
204,二年級,星期三,第4節,11:20~12:00,生活,陳易農,科任,陳俐伶,自然2 (西棟2F)
204,二年級,星期三,第5節,13:30~14:10,（無排課）,—,—,陳俐伶,204 教室
204,二年級,星期三,第6節,14:20~15:00,（無排課）,—,—,陳俐伶,204 教室
204,二年級,星期三,第7節,15:10~15: 50,（無排課）,—,—,陳俐伶,204 教室
204,二年級,星期四,第1節,8:40~ 9:20,彈性課程,陳俐伶,導師,陳俐伶,204 教室
204,二年級,星期四,第2節,9:30~10:10,國語文,陳俐伶,導師,陳俐伶,204 教室
204,二年級,星期四,第3節,10:30~11:10,數學,陳俐伶,導師,陳俐伶,204 教室
204,二年級,星期四,第4節,11:20~12:00,藝術 (美勞),陳俐伶,導師,陳俐伶,204 教室
204,二年級,星期四,第5節,13:30~14:10,（無排課）,—,—,陳俐伶,204 教室
204,二年級,星期四,第6節,14:20~15:00,（無排課）,—,—,陳俐伶,204 教室
204,二年級,星期四,第7節,15:10~15: 50,（無排課）,—,—,陳俐伶,204 教室
204,二年級,星期五,第1節,8:40~ 9:20,本土語文,陳俐伶,導師,陳俐伶,204 教室
204,二年級,星期五,第2節,9:30~10:10,生活,陳易農,科任,陳俐伶,自然2 (西棟2F)
204,二年級,星期五,第3節,10:30~11:10,國語文,陳俐伶,導師,陳俐伶,204 教室
204,二年級,星期五,第4節,11:20~12:00,健康與體育 (體育),陳俐伶,導師,陳俐伶,204 教室
204,二年級,星期五,第5節,13:30~14:10,（無排課）,—,—,陳俐伶,204 教室
204,二年級,星期五,第6節,14:20~15:00,（無排課）,—,—,陳俐伶,204 教室
204,二年級,星期五,第7節,15:10~15: 50,（無排課）,—,—,陳俐伶,204 教室
301,三年級,星期一,第1節,8:40~ 9:20,國語文,王慈燕,導師,王慈燕,301 教室
301,三年級,星期一,第2節,9:30~10:10,社會,劉玉玲,科任,王慈燕,社會2 (北棟2F)
301,三年級,星期一,第3節,10:30~11:10,健康與體育 (體育),楊雅婷,科任,王慈燕,操場 (戶外田徑球場)
301,三年級,星期一,第4節,11:20~12:00,數學,王慈燕,導師,王慈燕,301 教室
301,三年級,星期一,第5節,13:30~14:10,藝術 (音樂),林莠芹,科任,王慈燕,音樂教室
301,三年級,星期一,第6節,14:20~15:00,自然科學,陳巧燕,科任,王慈燕,自然3 (西棟2F)
301,三年級,星期一,第7節,15:10~15: 50,綜合活動,王慈燕,導師,王慈燕,301 教室
301,三年級,星期二,第1節,8:40~ 9:20,彈性課程,王慈燕,導師,王慈燕,301 教室
301,三年級,星期二,第2節,9:30~10:10,數學,王慈燕,導師,王慈燕,301 教室
301,三年級,星期二,第3節,10:30~11:10,綜合活動,王慈燕,導師,王慈燕,301 教室
301,三年級,星期二,第4節,11:20~12:00,社會,劉玉玲,科任,王慈燕,社會2 (北棟2F)
301,三年級,星期二,第5節,13:30~14:10,英語文,謝易庭,科任,王慈燕,英語2 (英語教室二)
301,三年級,星期二,第6節,14:20~15:00,彈性課程 (國際教育),謝易庭,科任,王慈燕,英語2 (英語教室二)
301,三年級,星期二,第7節,15:10~15: 50,國語文,王慈燕,導師,王慈燕,301 教室
301,三年級,星期三,第1節,8:40~ 9:20,國語文,王慈燕,導師,王慈燕,301 教室
301,三年級,星期三,第2節,9:30~10:10,數學,王慈燕,導師,王慈燕,301 教室
301,三年級,星期三,第3節,10:30~11:10,自然科學,陳巧燕,科任,王慈燕,自然3 (西棟2F)
301,三年級,星期三,第4節,11:20~12:00,藝術 (美勞),王慈燕,導師,王慈燕,301 教室
301,三年級,星期三,第5節,13:30~14:10,（無排課）,—,—,王慈燕,301 教室
301,三年級,星期三,第6節,14:20~15:00,（無排課）,—,—,王慈燕,301 教室
301,三年級,星期三,第7節,15:10~15: 50,（無排課）,—,—,王慈燕,301 教室
301,三年級,星期四,第1節,8:40~ 9:20,彈性課程,王慈燕,導師,王慈燕,301 教室
301,三年級,星期四,第2節,9:30~10:10,數學,王慈燕,導師,王慈燕,301 教室
301,三年級,星期四,第3節,10:30~11:10,國語文,王慈燕,導師,王慈燕,301 教室
301,三年級,星期四,第4節,11:20~12:00,本土語文,王慈燕,導師,王慈燕,301 教室
301,三年級,星期四,第5節,13:30~14:10,社會,劉玉玲,科任,王慈燕,社會2 (北棟2F)
301,三年級,星期四,第6節,14:20~15:00,自然科學,陳巧燕,科任,王慈燕,自然3 (西棟2F)
301,三年級,星期四,第7節,15:10~15: 50,健康與體育 (健康),王慈燕,導師,王慈燕,301 教室
301,三年級,星期五,第1節,8:40~ 9:20,健康與體育 (體育),楊雅婷,科任,王慈燕,操場 (戶外田徑球場)
301,三年級,星期五,第2節,9:30~10:10,彈性課程 (資訊教育),高志明,科任,王慈燕,電腦教室 (東棟3F)
301,三年級,星期五,第3節,10:30~11:10,國語文,王慈燕,導師,王慈燕,301 教室
301,三年級,星期五,第4節,11:20~12:00,藝術 (美勞),王慈燕,導師,王慈燕,301 教室
301,三年級,星期五,第5節,13:30~14:10,（無排課）,—,—,王慈燕,301 教室
301,三年級,星期五,第6節,14:20~15:00,（無排課）,—,—,王慈燕,301 教室
301,三年級,星期五,第7節,15:10~15: 50,（無排課）,—,—,王慈燕,301 教室
302,三年級,星期一,第1節,8:40~ 9:20,數學,吳慶美,導師,吳慶美,302 教室
302,三年級,星期一,第2節,9:30~10:10,自然科學,陳巧燕,科任,吳慶美,自然3 (西棟2F)
302,三年級,星期一,第3節,10:30~11:10,國語文,吳慶美,導師,吳慶美,302 教室
302,三年級,星期一,第4節,11:20~12:00,社會,劉玉玲,科任,吳慶美,社會2 (北棟2F)
302,三年級,星期一,第5節,13:30~14:10,健康與體育 (體育),吳慶美,導師,吳慶美,302 教室
302,三年級,星期一,第6節,14:20~15:00,藝術 (音樂),林莠芹,科任,吳慶美,音樂教室
302,三年級,星期一,第7節,15:10~15: 50,綜合活動,吳慶美,導師,吳慶美,302 教室
302,三年級,星期二,第1節,8:40~ 9:20,彈性課程,吳慶美,導師,吳慶美,302 教室
302,三年級,星期二,第2節,9:30~10:10,國語文,吳慶美,導師,吳慶美,302 教室
302,三年級,星期二,第3節,10:30~11:10,健康與體育 (體育),楊雅婷,科任,吳慶美,操場 (戶外田徑球場)
302,三年級,星期二,第4節,11:20~12:00,自然科學,陳巧燕,科任,吳慶美,自然3 (西棟2F)
302,三年級,星期二,第5節,13:30~14:10,社會,劉玉玲,科任,吳慶美,社會2 (北棟2F)
302,三年級,星期二,第6節,14:20~15:00,藝術 (美勞),蘇莉婷,科任,吳慶美,課後班4 (南棟1F)
302,三年級,星期二,第7節,15:10~15: 50,藝術 (美勞),蘇莉婷,科任,吳慶美,課後班4 (南棟1F)
302,三年級,星期三,第1節,8:40~ 9:20,英語文,謝易庭,科任,吳慶美,英語2 (英語教室二)
302,三年級,星期三,第2節,9:30~10:10,自然科學,陳巧燕,科任,吳慶美,自然3 (西棟2F)
302,三年級,星期三,第3節,10:30~11:10,數學,吳慶美,導師,吳慶美,302 教室
302,三年級,星期三,第4節,11:20~12:00,國語文,吳慶美,導師,吳慶美,302 教室
302,三年級,星期三,第5節,13:30~14:10,（無排課）,—,—,吳慶美,302 教室
302,三年級,星期三,第6節,14:20~15:00,（無排課）,—,—,吳慶美,302 教室
302,三年級,星期三,第7節,15:10~15: 50,（無排課）,—,—,吳慶美,302 教室
302,三年級,星期四,第1節,8:40~ 9:20,彈性課程,吳慶美,導師,吳慶美,302 教室
302,三年級,星期四,第2節,9:30~10:10,國語文,吳慶美,導師,吳慶美,302 教室
302,三年級,星期四,第3節,10:30~11:10,數學,劉玉玲,科任,吳慶美,社會2 (北棟2F)
302,三年級,星期四,第4節,11:20~12:00,本土語文,吳慶美,導師,吳慶美,302 教室
302,三年級,星期四,第5節,13:30~14:10,彈性課程 (資訊教育),高志明,科任,吳慶美,電腦教室 (東棟3F)
302,三年級,星期四,第6節,14:20~15:00,國語文,吳慶美,導師,吳慶美,302 教室
302,三年級,星期四,第7節,15:10~15: 50,健康與體育 (體育),楊雅婷,科任,吳慶美,體適能教室 (西棟2F)
302,三年級,星期五,第1節,8:40~ 9:20,數學,吳慶美,導師,吳慶美,302 教室
302,三年級,星期五,第2節,9:30~10:10,彈性課程 (國際教育),謝易庭,科任,吳慶美,英語2 (英語教室二)
302,三年級,星期五,第3節,10:30~11:10,社會,吳慶美,導師,吳慶美,302 教室
302,三年級,星期五,第4節,11:20~12:00,綜合活動,吳慶美,導師,吳慶美,302 教室
302,三年級,星期五,第5節,13:30~14:10,（無排課）,—,—,吳慶美,302 教室
302,三年級,星期五,第6節,14:20~15:00,（無排課）,—,—,吳慶美,302 教室
302,三年級,星期五,第7節,15:10~15: 50,（無排課）,—,—,吳慶美,302 教室
303,三年級,星期一,第1節,8:40~ 9:20,自然科學,陳巧燕,科任,張簡碩彥,自然3 (西棟2F)
303,三年級,星期一,第2節,9:30~10:10,彈性課程 (國際教育),謝易庭,科任,張簡碩彥,英語2 (英語教室二)
303,三年級,星期一,第3節,10:30~11:10,藝術 (美勞),張簡碩彥,導師,張簡碩彥,303 教室
303,三年級,星期一,第4節,11:20~12:00,藝術 (美勞),張簡碩彥,導師,張簡碩彥,303 教室
303,三年級,星期一,第5節,13:30~14:10,社會,劉玉玲,科任,張簡碩彥,社會2 (北棟2F)
303,三年級,星期一,第6節,14:20~15:00,數學,張簡碩彥,導師,張簡碩彥,303 教室
303,三年級,星期一,第7節,15:10~15: 50,國語文,張簡碩彥,導師,張簡碩彥,303 教室
303,三年級,星期二,第1節,8:40~ 9:20,彈性課程,張簡碩彥,導師,張簡碩彥,303 教室
303,三年級,星期二,第2節,9:30~10:10,數學,張簡碩彥,導師,張簡碩彥,303 教室
303,三年級,星期二,第3節,10:30~11:10,綜合活動,張簡碩彥,導師,張簡碩彥,303 教室
303,三年級,星期二,第4節,11:20~12:00,國語文,張簡碩彥,導師,張簡碩彥,303 教室
303,三年級,星期二,第5節,13:30~14:10,自然科學,陳巧燕,科任,張簡碩彥,自然3 (西棟2F)
303,三年級,星期二,第6節,14:20~15:00,彈性課程 (資訊教育),高志明,科任,張簡碩彥,電腦教室 (東棟3F)
303,三年級,星期二,第7節,15:10~15: 50,健康與體育 (體育),楊雅婷,科任,張簡碩彥,體適能教室 (西棟2F)
303,三年級,星期三,第1節,8:40~ 9:20,健康與體育 (體育),楊雅婷,科任,張簡碩彥,體適能教室 (西棟2F)
303,三年級,星期三,第2節,9:30~10:10,英語文,謝易庭,科任,張簡碩彥,英語2 (英語教室二)
303,三年級,星期三,第3節,10:30~11:10,社會,劉玉玲,科任,張簡碩彥,社會2 (北棟2F)
303,三年級,星期三,第4節,11:20~12:00,國語文,張簡碩彥,導師,張簡碩彥,303 教室
303,三年級,星期三,第5節,13:30~14:10,（無排課）,—,—,張簡碩彥,303 教室
303,三年級,星期三,第6節,14:20~15:00,（無排課）,—,—,張簡碩彥,303 教室
303,三年級,星期三,第7節,15:10~15: 50,（無排課）,—,—,張簡碩彥,303 教室
303,三年級,星期四,第1節,8:40~ 9:20,彈性課程,張簡碩彥,導師,張簡碩彥,303 教室
303,三年級,星期四,第2節,9:30~10:10,社會,劉玉玲,科任,張簡碩彥,社會2 (北棟2F)
303,三年級,星期四,第3節,10:30~11:10,數學,張簡碩彥,導師,張簡碩彥,303 教室
303,三年級,星期四,第4節,11:20~12:00,本土語文,張簡碩彥,導師,張簡碩彥,303 教室
303,三年級,星期四,第5節,13:30~14:10,自然科學,陳巧燕,科任,張簡碩彥,自然3 (西棟2F)
303,三年級,星期四,第6節,14:20~15:00,國語文,張簡碩彥,導師,張簡碩彥,303 教室
303,三年級,星期四,第7節,15:10~15: 50,健康與體育 (體育),張簡碩彥,導師,張簡碩彥,303 教室
303,三年級,星期五,第1節,8:40~ 9:20,藝術 (音樂),李世芬,科任,張簡碩彥,課後班3 (南棟1F)
303,三年級,星期五,第2節,9:30~10:10,數學,張簡碩彥,導師,張簡碩彥,303 教室
303,三年級,星期五,第3節,10:30~11:10,國語文,張簡碩彥,導師,張簡碩彥,303 教室
303,三年級,星期五,第4節,11:20~12:00,綜合活動,張簡碩彥,導師,張簡碩彥,303 教室
303,三年級,星期五,第5節,13:30~14:10,（無排課）,—,—,張簡碩彥,303 教室
303,三年級,星期五,第6節,14:20~15:00,（無排課）,—,—,張簡碩彥,303 教室
303,三年級,星期五,第7節,15:10~15: 50,（無排課）,—,—,張簡碩彥,303 教室
401,四年級,星期一,第1節,8:40~ 9:20,國語文,陳貞妃,導師,陳貞妃,401 教室
401,四年級,星期一,第2節,9:30~10:10,自然科學,曾品熏,科任,陳貞妃,自然1 (西棟2F)
401,四年級,星期一,第3節,10:30~11:10,社會,符寧珍,科任,陳貞妃,社會1 (北棟3F)
401,四年級,星期一,第4節,11:20~12:00,健康與體育 (體育),陳貞妃,導師,陳貞妃,401 教室
401,四年級,星期一,第5節,13:30~14:10,藝術 (美勞),陳貞妃,導師,陳貞妃,401 教室
401,四年級,星期一,第6節,14:20~15:00,綜合活動,陳貞妃,導師,陳貞妃,401 教室
401,四年級,星期一,第7節,15:10~15: 50,健康與體育 (體育),楊雅婷,科任,陳貞妃,體適能教室 (西棟2F)
401,四年級,星期二,第1節,8:40~ 9:20,彈性課程 (社團),陳貞妃,導師,陳貞妃,401 教室
401,四年級,星期二,第2節,9:30~10:10,數學,陳貞妃,導師,陳貞妃,401 教室
401,四年級,星期二,第3節,10:30~11:10,藝術 (音樂),曾品熏,科任,陳貞妃,自然1 (西棟2F)
401,四年級,星期二,第4節,11:20~12:00,自然科學,曾品熏,科任,陳貞妃,自然1 (西棟2F)
401,四年級,星期二,第5節,13:30~14:10,藝術 (美勞),陳貞妃,導師,陳貞妃,401 教室
401,四年級,星期二,第6節,14:20~15:00,社會,符寧珍,科任,陳貞妃,社會1 (北棟3F)
401,四年級,星期二,第7節,15:10~15: 50,國語文,陳貞妃,導師,陳貞妃,401 教室
401,四年級,星期三,第1節,8:40~ 9:20,國語文,陳貞妃,導師,陳貞妃,401 教室
401,四年級,星期三,第2節,9:30~10:10,數學,陳貞妃,導師,陳貞妃,401 教室
401,四年級,星期三,第3節,10:30~11:10,彈性課程 (資訊教育),高志明,科任,陳貞妃,電腦教室 (東棟3F)
401,四年級,星期三,第4節,11:20~12:00,社會,符寧珍,科任,陳貞妃,社會1 (北棟3F)
401,四年級,星期三,第5節,13:30~14:10,（無排課）,—,—,陳貞妃,401 教室
401,四年級,星期三,第6節,14:20~15:00,（無排課）,—,—,陳貞妃,401 教室
401,四年級,星期三,第7節,15:10~15: 50,（無排課）,—,—,陳貞妃,401 教室
401,四年級,星期四,第1節,8:40~ 9:20,彈性課程,陳貞妃,導師,陳貞妃,401 教室
401,四年級,星期四,第2節,9:30~10:10,數學,陳貞妃,導師,陳貞妃,401 教室
401,四年級,星期四,第3節,10:30~11:10,健康與體育 (體育),楊雅婷,科任,陳貞妃,體適能教室 (西棟2F)
401,四年級,星期四,第4節,11:20~12:00,綜合活動,陳貞妃,導師,陳貞妃,401 教室
401,四年級,星期四,第5節,13:30~14:10,自然科學,曾品熏,科任,陳貞妃,自然1 (西棟2F)
401,四年級,星期四,第6節,14:20~15:00,國語文,陳貞妃,導師,陳貞妃,401 教室
401,四年級,星期四,第7節,15:10~15: 50,英語文,謝易庭,科任,陳貞妃,英語2 (英語教室二)
401,四年級,星期五,第1節,8:40~ 9:20,國語文,陳貞妃,導師,陳貞妃,401 教室
401,四年級,星期五,第2節,9:30~10:10,數學,陳貞妃,導師,陳貞妃,401 教室
401,四年級,星期五,第3節,10:30~11:10,本土語文,陳貞妃,導師,陳貞妃,401 教室
401,四年級,星期五,第4節,11:20~12:00,彈性課程 (國際教育),謝易庭,科任,陳貞妃,英語2 (英語教室二)
401,四年級,星期五,第5節,13:30~14:10,（無排課）,—,—,陳貞妃,401 教室
401,四年級,星期五,第6節,14:20~15:00,（無排課）,—,—,陳貞妃,401 教室
401,四年級,星期五,第7節,15:10~15: 50,（無排課）,—,—,陳貞妃,401 教室
402,四年級,星期一,第1節,8:40~ 9:20,國語文,蔡育樹,導師,蔡育樹,402 教室
402,四年級,星期一,第2節,9:30~10:10,社會,符寧珍,科任,蔡育樹,社會1 (北棟3F)
402,四年級,星期一,第3節,10:30~11:10,自然科學,曾品熏,科任,蔡育樹,自然1 (西棟2F)
402,四年級,星期一,第4節,11:20~12:00,藝術 (音樂),曾品熏,科任,蔡育樹,自然1 (西棟2F)
402,四年級,星期一,第5節,13:30~14:10,英語文,謝易庭,科任,蔡育樹,英語2 (英語教室二)
402,四年級,星期一,第6節,14:20~15:00,數學,蔡育樹,導師,蔡育樹,402 教室
402,四年級,星期一,第7節,15:10~15: 50,健康與體育 (體育),蔡育樹,導師,蔡育樹,402 教室
402,四年級,星期二,第1節,8:40~ 9:20,彈性課程,蔡育樹,導師,蔡育樹,402 教室
402,四年級,星期二,第2節,9:30~10:10,綜合,蔡育樹,導師,蔡育樹,402 教室
402,四年級,星期二,第3節,10:30~11:10,社會,符寧珍,科任,蔡育樹,社會1 (北棟3F)
402,四年級,星期二,第4節,11:20~12:00,健康與體育 (體育),蔡育樹,導師,蔡育樹,402 教室
402,四年級,星期二,第5節,13:30~14:10,綜合,蔡育樹,導師,蔡育樹,402 教室
402,四年級,星期二,第6節,14:20~15:00,自然科學,曾品熏,科任,蔡育樹,自然1 (西棟2F)
402,四年級,星期二,第7節,15:10~15: 50,國語文,蔡育樹,導師,蔡育樹,402 教室
402,四年級,星期三,第1節,8:40~ 9:20,國語文,蔡育樹,導師,蔡育樹,402 教室
402,四年級,星期三,第2節,9:30~10:10,數學,蔡育樹,導師,蔡育樹,402 教室
402,四年級,星期三,第3節,10:30~11:10,自然科學,曾品熏,科任,蔡育樹,自然1 (西棟2F)
402,四年級,星期三,第4節,11:20~12:00,健康與體育 (體育),蔡育樹,導師,蔡育樹,402 教室
402,四年級,星期三,第5節,13:30~14:10,（無排課）,—,—,蔡育樹,402 教室
402,四年級,星期三,第6節,14:20~15:00,（無排課）,—,—,蔡育樹,402 教室
402,四年級,星期三,第7節,15:10~15: 50,（無排課）,—,—,蔡育樹,402 教室
402,四年級,星期四,第1節,8:40~ 9:20,彈性課程,蔡育樹,導師,蔡育樹,402 教室
402,四年級,星期四,第2節,9:30~10:10,數學,蔡育樹,導師,蔡育樹,402 教室
402,四年級,星期四,第3節,10:30~11:10,彈性課程 (國際教育),謝易庭,科任,蔡育樹,英語2 (英語教室二)
402,四年級,星期四,第4節,11:20~12:00,國語文,蔡育樹,導師,蔡育樹,402 教室
402,四年級,星期四,第5節,13:30~14:10,社會,符寧珍,科任,蔡育樹,社會1 (北棟3F)
402,四年級,星期四,第6節,14:20~15:00,藝術 (美勞),高諄恩,科任,蔡育樹,美勞教室
402,四年級,星期四,第7節,15:10~15: 50,藝術 (美勞),高諄恩,科任,蔡育樹,美勞教室
402,四年級,星期五,第1節,8:40~ 9:20,國語文,蔡育樹,導師,蔡育樹,402 教室
402,四年級,星期五,第2節,9:30~10:10,數學,蔡育樹,導師,蔡育樹,402 教室
402,四年級,星期五,第3節,10:30~11:10,本土語文,蔡育樹,導師,蔡育樹,402 教室
402,四年級,星期五,第4節,11:20~12:00,彈性課程 (資訊教育),高志明,科任,蔡育樹,電腦教室 (東棟3F)
402,四年級,星期五,第5節,13:30~14:10,（無排課）,—,—,蔡育樹,402 教室
402,四年級,星期五,第6節,14:20~15:00,（無排課）,—,—,蔡育樹,402 教室
402,四年級,星期五,第7節,15:10~15: 50,（無排課）,—,—,蔡育樹,402 教室
403,四年級,星期一,第1節,8:40~ 9:20,數學,吳文綺,導師,吳文綺,403 教室
403,四年級,星期一,第2節,9:30~10:10,自然科學,陳易農,科任,吳文綺,自然2 (西棟2F)
403,四年級,星期一,第3節,10:30~11:10,藝術 (美勞),吳文綺,導師,吳文綺,403 教室
403,四年級,星期一,第4節,11:20~12:00,藝術 (美勞),吳文綺,導師,吳文綺,403 教室
403,四年級,星期一,第5節,13:30~14:10,社會,符寧珍,科任,吳文綺,社會1 (北棟3F)
403,四年級,星期一,第6節,14:20~15:00,健康與體育 (體育),楊雅婷,科任,吳文綺,體適能教室 (西棟2F)
403,四年級,星期一,第7節,15:10~15: 50,綜合活動,吳文綺,導師,吳文綺,403 教室
403,四年級,星期二,第1節,8:40~ 9:20,彈性課程,吳文綺,導師,吳文綺,403 教室
403,四年級,星期二,第2節,9:30~10:10,社會,符寧珍,科任,吳文綺,社會1 (北棟3F)
403,四年級,星期二,第3節,10:30~11:10,國語文,吳文綺,導師,吳文綺,403 教室
403,四年級,星期二,第4節,11:20~12:00,自然科學,陳易農,科任,吳文綺,自然2 (西棟2F)
403,四年級,星期二,第5節,13:30~14:10,綜合活動,吳文綺,導師,吳文綺,403 教室
403,四年級,星期二,第6節,14:20~15:00,數學,吳文綺,導師,吳文綺,403 教室
403,四年級,星期二,第7節,15:10~15: 50,英語文,謝易庭,科任,吳文綺,英語2 (英語教室二)
403,四年級,星期三,第1節,8:40~ 9:20,彈性課程 (資訊教育),高志明,科任,吳文綺,電腦教室 (東棟3F)
403,四年級,星期三,第2節,9:30~10:10,藝術 (音樂),曾品熏,科任,吳文綺,自然1 (西棟2F)
403,四年級,星期三,第3節,10:30~11:10,國語文,吳文綺,導師,吳文綺,403 教室
403,四年級,星期三,第4節,11:20~12:00,數學,吳文綺,導師,吳文綺,403 教室
403,四年級,星期三,第5節,13:30~14:10,（無排課）,—,—,吳文綺,403 教室
403,四年級,星期三,第6節,14:20~15:00,（無排課）,—,—,吳文綺,403 教室
403,四年級,星期三,第7節,15:10~15: 50,（無排課）,—,—,吳文綺,403 教室
403,四年級,星期四,第1節,8:40~ 9:20,彈性課程,吳文綺,導師,吳文綺,403 教室
403,四年級,星期四,第2節,9:30~10:10,健康與體育 (體育),楊雅婷,科任,吳文綺,體適能教室 (西棟2F)
403,四年級,星期四,第3節,10:30~11:10,國語文,吳文綺,導師,吳文綺,403 教室
403,四年級,星期四,第4節,11:20~12:00,國語文,吳文綺,導師,吳文綺,403 教室
403,四年級,星期四,第5節,13:30~14:10,彈性課程 (國際教育),謝易庭,科任,吳文綺,英語2 (英語教室二)
403,四年級,星期四,第6節,14:20~15:00,社會,符寧珍,科任,吳文綺,社會1 (北棟3F)
403,四年級,星期四,第7節,15:10~15: 50,數學,吳文綺,導師,吳文綺,403 教室
403,四年級,星期五,第1節,8:40~ 9:20,自然科學,陳易農,科任,吳文綺,自然2 (西棟2F)
403,四年級,星期五,第2節,9:30~10:10,國語文,吳文綺,導師,吳文綺,403 教室
403,四年級,星期五,第3節,10:30~11:10,本土語文,吳文綺,導師,吳文綺,403 教室
403,四年級,星期五,第4節,11:20~12:00,健康與體育 (體育),吳文綺,導師,吳文綺,403 教室
403,四年級,星期五,第5節,13:30~14:10,（無排課）,—,—,吳文綺,403 教室
403,四年級,星期五,第6節,14:20~15:00,（無排課）,—,—,吳文綺,403 教室
403,四年級,星期五,第7節,15:10~15: 50,（無排課）,—,—,吳文綺,403 教室
404,四年級,星期一,第1節,8:40~ 9:20,國語文,陳穎欣,導師,陳穎欣,404 教室
404,四年級,星期一,第2節,9:30~10:10,國語文,陳穎欣,導師,陳穎欣,404 教室
404,四年級,星期一,第3節,10:30~11:10,英語文,謝易庭,科任,陳穎欣,英語2 (英語教室二)
404,四年級,星期一,第4節,11:20~12:00,彈性課程 (資訊教育),高志明,科任,陳穎欣,電腦教室 (東棟3F)
404,四年級,星期一,第5節,13:30~14:10,藝術 (音樂),李世芬,科任,陳穎欣,課後班3 (南棟1F)
404,四年級,星期一,第6節,14:20~15:00,藝術 (美勞),高諄恩,科任,陳穎欣,美勞教室
404,四年級,星期一,第7節,15:10~15: 50,藝術 (美勞),高諄恩,科任,陳穎欣,美勞教室
404,四年級,星期二,第1節,8:40~ 9:20,彈性課程,陳穎欣,導師,陳穎欣,404 教室
404,四年級,星期二,第2節,9:30~10:10,數學,陳穎欣,導師,陳穎欣,404 教室
404,四年級,星期二,第3節,10:30~11:10,自然科學,高志明,科任,陳穎欣,自然2 (西棟2F)
404,四年級,星期二,第4節,11:20~12:00,國語文,陳穎欣,導師,陳穎欣,404 教室
404,四年級,星期二,第5節,13:30~14:10,綜合活動,陳穎欣,導師,陳穎欣,404 教室
404,四年級,星期二,第6節,14:20~15:00,健康與體育 (體育),陳穎欣,導師,陳穎欣,404 教室
404,四年級,星期二,第7節,15:10~15: 50,社會,符寧珍,科任,陳穎欣,社會1 (北棟3F)
404,四年級,星期三,第1節,8:40~ 9:20,國語文,陳穎欣,導師,陳穎欣,404 教室
404,四年級,星期三,第2節,9:30~10:10,健康與體育 (體育),陳穎欣,導師,陳穎欣,404 教室
404,四年級,星期三,第3節,10:30~11:10,社會,洪以宣,科任,陳穎欣,社會1 (北棟3F)
404,四年級,星期三,第4節,11:20~12:00,數學,陳穎欣,導師,陳穎欣,404 教室
404,四年級,星期三,第5節,13:30~14:10,（無排課）,—,—,陳穎欣,404 教室
404,四年級,星期三,第6節,14:20~15:00,（無排課）,—,—,陳穎欣,404 教室
404,四年級,星期三,第7節,15:10~15: 50,（無排課）,—,—,陳穎欣,404 教室
404,四年級,星期四,第1節,8:40~ 9:20,彈性課程,陳穎欣,導師,陳穎欣,404 教室
404,四年級,星期四,第2節,9:30~10:10,數學,陳穎欣,導師,陳穎欣,404 教室
404,四年級,星期四,第3節,10:30~11:10,社會,符寧珍,科任,陳穎欣,社會1 (北棟3F)
404,四年級,星期四,第4節,11:20~12:00,健康與體育 (體育),陳穎欣,導師,陳穎欣,404 教室
404,四年級,星期四,第5節,13:30~14:10,國語文,陳穎欣,導師,陳穎欣,404 教室
404,四年級,星期四,第6節,14:20~15:00,自然科學,高志明,科任,陳穎欣,自然2 (西棟2F)
404,四年級,星期四,第7節,15:10~15: 50,自然科學,高志明,科任,陳穎欣,自然2 (西棟2F)
404,四年級,星期五,第1節,8:40~ 9:20,彈性課程 (國際教育),謝易庭,科任,陳穎欣,英語2 (英語教室二)
404,四年級,星期五,第2節,9:30~10:10,數學,陳穎欣,導師,陳穎欣,404 教室
404,四年級,星期五,第3節,10:30~11:10,本土語文,陳穎欣,導師,陳穎欣,404 教室
404,四年級,星期五,第4節,11:20~12:00,綜合活動,陳穎欣,導師,陳穎欣,404 教室
404,四年級,星期五,第5節,13:30~14:10,（無排課）,—,—,陳穎欣,404 教室
404,四年級,星期五,第6節,14:20~15:00,（無排課）,—,—,陳穎欣,404 教室
404,四年級,星期五,第7節,15:10~15: 50,（無排課）,—,—,陳穎欣,404 教室
501,五年級,星期一,第1節,8:40~ 9:20,英語文,余美蓉,科任,潘俊安,英語1 (英語教室一)
501,五年級,星期一,第2節,9:30~10:10,社會,張益嘉,科任,潘俊安,數位教室 (東棟2F)
501,五年級,星期一,第3節,10:30~11:10,數學,潘俊安,導師,潘俊安,501 教室
501,五年級,星期一,第4節,11:20~12:00,國語文,潘俊安,導師,潘俊安,501 教室
501,五年級,星期一,第5節,13:30~14:10,藝術 (美勞),張筑鈞,科任,潘俊安,多功能教室 (西棟3F)
501,五年級,星期一,第6節,14:20~15:00,藝術 (美勞),張筑鈞,科任,潘俊安,多功能教室 (西棟3F)
501,五年級,星期一,第7節,15:10~15: 50,健康與體育 (體育),潘俊安,導師,潘俊安,501 教室
501,五年級,星期二,第1節,8:40~ 9:20,彈性課程,潘俊安,導師,潘俊安,501 教室
501,五年級,星期二,第2節,9:30~10:10,國語文,潘俊安,導師,潘俊安,501 教室
501,五年級,星期二,第3節,10:30~11:10,數學,潘俊安,導師,潘俊安,501 教室
501,五年級,星期二,第4節,11:20~12:00,彈性課程 (閱讀教育),高諄恩,科任,潘俊安,多功能教室 (西棟3F)
501,五年級,星期二,第5節,13:30~14:10,綜合活動,潘俊安,導師,潘俊安,501 教室
501,五年級,星期二,第6節,14:20~15:00,自然科學,陳易農,科任,潘俊安,自然2 (西棟2F)
501,五年級,星期二,第7節,15:10~15: 50,社會,張益嘉,科任,潘俊安,數位教室 (東棟2F)
501,五年級,星期三,第1節,8:40~ 9:20,國語文,潘俊安,導師,潘俊安,501 教室
501,五年級,星期三,第2節,9:30~10:10,數學,潘俊安,導師,潘俊安,501 教室
501,五年級,星期三,第3節,10:30~11:10,自然科學,陳易農,科任,潘俊安,自然2 (西棟2F)
501,五年級,星期三,第4節,11:20~12:00,彈性課程 (國際教育),游献儀,科任,潘俊安,社會3 (南棟2F)
501,五年級,星期三,第5節,13:30~14:10,（無排課）,—,—,潘俊安,501 教室
501,五年級,星期三,第6節,14:20~15:00,（無排課）,—,—,潘俊安,501 教室
501,五年級,星期三,第7節,15:10~15: 50,（無排課）,—,—,潘俊安,501 教室
501,五年級,星期四,第1節,8:40~ 9:20,彈性課程,潘俊安,導師,潘俊安,501 教室
501,五年級,星期四,第2節,9:30~10:10,社會,張益嘉,科任,潘俊安,數位教室 (東棟2F)
501,五年級,星期四,第3節,10:30~11:10,彈性課程 (資訊教育),張益嘉,科任,潘俊安,電腦教室 (東棟3F)
501,五年級,星期四,第4節,11:20~12:00,國語文,潘俊安,導師,潘俊安,501 教室
501,五年級,星期四,第5節,13:30~14:10,自然科學,陳易農,科任,潘俊安,自然2 (西棟2F)
501,五年級,星期四,第6節,14:20~15:00,健康與體育 (體育),潘俊安,導師,潘俊安,501 教室
501,五年級,星期四,第7節,15:10~15: 50,健康與體育 (體育),潘俊安,導師,潘俊安,501 教室
501,五年級,星期五,第1節,8:40~ 9:20,國語文,潘俊安,導師,潘俊安,501 教室
501,五年級,星期五,第2節,9:30~10:10,數學,潘俊安,導師,潘俊安,501 教室
501,五年級,星期五,第3節,10:30~11:10,英語文,余美蓉,科任,潘俊安,英語1 (英語教室一)
501,五年級,星期五,第4節,11:20~12:00,本土語文,潘俊安,導師,潘俊安,501 教室
501,五年級,星期五,第5節,13:30~14:10,綜合活動,潘俊安,導師,潘俊安,501 教室
501,五年級,星期五,第6節,14:20~15:00,藝術 (音樂),張筑鈞,科任,潘俊安,視聽教室 (東棟3F)
501,五年級,星期五,第7節,15:10~15: 50,（無排課）,—,—,潘俊安,501 教室
502,五年級,星期一,第1節,8:40~ 9:20,數學,何聰敏,導師,何聰敏,502 教室
502,五年級,星期一,第2節,9:30~10:10,國語文,何聰敏,導師,何聰敏,502 教室
502,五年級,星期一,第3節,10:30~11:10,自然科學,陳易農,科任,何聰敏,自然2 (西棟2F)
502,五年級,星期一,第4節,11:20~12:00,自然科學,陳易農,科任,何聰敏,自然2 (西棟2F)
502,五年級,星期一,第5節,13:30~14:10,社會,張益嘉,科任,何聰敏,數位教室 (東棟2F)
502,五年級,星期一,第6節,14:20~15:00,社會,張益嘉,科任,何聰敏,數位教室 (東棟2F)
502,五年級,星期一,第7節,15:10~15: 50,綜合活動,何聰敏,導師,何聰敏,502 教室
502,五年級,星期二,第1節,8:40~ 9:20,彈性課程,何聰敏,導師,何聰敏,502 教室
502,五年級,星期二,第2節,9:30~10:10,健康與體育 (體育),凃佳鴻,科任,何聰敏,音樂教室 (西棟3F)
502,五年級,星期二,第3節,10:30~11:10,數學,何聰敏,導師,何聰敏,502 教室
502,五年級,星期二,第4節,11:20~12:00,國語文,何聰敏,導師,何聰敏,502 教室
502,五年級,星期二,第5節,13:30~14:10,彈性課程 (國際教育),李世芬,科任,何聰敏,課後班3 (南棟1F)
502,五年級,星期二,第6節,14:20~15:00,藝術 (美勞),何聰敏,導師,何聰敏,502 教室
502,五年級,星期二,第7節,15:10~15: 50,藝術 (美勞),何聰敏,導師,何聰敏,502 教室
502,五年級,星期三,第1節,8:40~ 9:20,自然科學,陳易農,科任,何聰敏,自然2 (西棟2F)
502,五年級,星期三,第2節,9:30~10:10,英語文,余美蓉,科任,何聰敏,英語1 (英語教室一)
502,五年級,星期三,第3節,10:30~11:10,數學,何聰敏,導師,何聰敏,502 教室
502,五年級,星期三,第4節,11:20~12:00,國語文,何聰敏,導師,何聰敏,502 教室
502,五年級,星期三,第5節,13:30~14:10,（無排課）,—,—,何聰敏,502 教室
502,五年級,星期三,第6節,14:20~15:00,（無排課）,—,—,何聰敏,502 教室
502,五年級,星期三,第7節,15:10~15: 50,（無排課）,—,—,何聰敏,502 教室
502,五年級,星期四,第1節,8:40~ 9:20,彈性課程,何聰敏,導師,何聰敏,502 教室
502,五年級,星期四,第2節,9:30~10:10,數學,何聰敏,導師,何聰敏,502 教室
502,五年級,星期四,第3節,10:30~11:10,健康與體育 (體育),凃佳鴻,科任,何聰敏,音樂教室 (西棟3F)
502,五年級,星期四,第4節,11:20~12:00,彈性課程 (閱讀教育),高諄恩,科任,何聰敏,多功能教室 (西棟3F)
502,五年級,星期四,第5節,13:30~14:10,社會,張益嘉,科任,何聰敏,數位教室 (東棟2F)
502,五年級,星期四,第6節,14:20~15:00,彈性課程 (資訊教育),張益嘉,科任,何聰敏,電腦教室 (東棟3F)
502,五年級,星期四,第7節,15:10~15: 50,國語文,何聰敏,導師,何聰敏,502 教室
502,五年級,星期五,第1節,8:40~ 9:20,英語文,余美蓉,科任,何聰敏,英語1 (英語教室一)
502,五年級,星期五,第2節,9:30~10:10,健康與體育 (體育),何聰敏,導師,何聰敏,502 教室
502,五年級,星期五,第3節,10:30~11:10,國語文,何聰敏,導師,何聰敏,502 教室
502,五年級,星期五,第4節,11:20~12:00,本土語文,何聰敏,導師,何聰敏,502 教室
502,五年級,星期五,第5節,13:30~14:10,藝術 (音樂),張筑鈞,科任,何聰敏,視聽教室 (東棟3F)
502,五年級,星期五,第6節,14:20~15:00,綜合活動,何聰敏,導師,何聰敏,502 教室
502,五年級,星期五,第7節,15:10~15: 50,（無排課）,—,—,何聰敏,502 教室
503,五年級,星期一,第1節,8:40~ 9:20,國語文,李芳諭,導師,李芳諭,503 教室
503,五年級,星期一,第2節,9:30~10:10,英語文,余美蓉,科任,李芳諭,英語1 (英語教室一)
503,五年級,星期一,第3節,10:30~11:10,數學,李芳諭,導師,李芳諭,503 教室
503,五年級,星期一,第4節,11:20~12:00,彈性課程 (閱讀教育),高諄恩,科任,李芳諭,多功能教室 (西棟3F)
503,五年級,星期一,第5節,13:30~14:10,彈性課程 (國際教育),李芳諭,導師,李芳諭,503 教室
503,五年級,星期一,第6節,14:20~15:00,綜合活動,李芳諭,導師,李芳諭,503 教室
503,五年級,星期一,第7節,15:10~15: 50,藝術 (音樂),張筑鈞,科任,李芳諭,視聽教室 (東棟3F)
503,五年級,星期二,第1節,8:40~ 9:20,彈性課程,李芳諭,導師,李芳諭,503 教室
503,五年級,星期二,第2節,9:30~10:10,自然科學,陳易農,科任,李芳諭,自然2 (西棟2F)
503,五年級,星期二,第3節,10:30~11:10,數學,李芳諭,導師,李芳諭,503 教室
503,五年級,星期二,第4節,11:20~12:00,國語文,李芳諭,導師,李芳諭,503 教室
503,五年級,星期二,第5節,13:30~14:10,社會,張益嘉,科任,李芳諭,數位教室 (東棟2F)
503,五年級,星期二,第6節,14:20~15:00,社會,張益嘉,科任,李芳諭,數位教室 (東棟2F)
503,五年級,星期二,第7節,15:10~15: 50,健康與體育 (體育),林展吉,科任,李芳諭,多功能教室 (西棟3F)
503,五年級,星期三,第1節,8:40~ 9:20,英語文,余美蓉,科任,李芳諭,英語1 (英語教室一)
503,五年級,星期三,第2節,9:30~10:10,數學,李芳諭,導師,李芳諭,503 教室
503,五年級,星期三,第3節,10:30~11:10,社會,張益嘉,科任,李芳諭,數位教室 (東棟2F)
503,五年級,星期三,第4節,11:20~12:00,國語文,李芳諭,導師,李芳諭,503 教室
503,五年級,星期三,第5節,13:30~14:10,（無排課）,—,—,李芳諭,503 教室
503,五年級,星期三,第6節,14:20~15:00,（無排課）,—,—,李芳諭,503 教室
503,五年級,星期三,第7節,15:10~15: 50,（無排課）,—,—,李芳諭,503 教室
503,五年級,星期四,第1節,8:40~ 9:20,彈性課程,李芳諭,導師,李芳諭,503 教室
503,五年級,星期四,第2節,9:30~10:10,國語文,李芳諭,導師,李芳諭,503 教室
503,五年級,星期四,第3節,10:30~11:10,綜合活動,李芳諭,導師,李芳諭,503 教室
503,五年級,星期四,第4節,11:20~12:00,彈性課程 (資訊教育),張益嘉,科任,李芳諭,電腦教室 (東棟3F)
503,五年級,星期四,第5節,13:30~14:10,藝術 (美勞),李芳諭,導師,李芳諭,503 教室
503,五年級,星期四,第6節,14:20~15:00,藝術 (美勞),李芳諭,導師,李芳諭,503 教室
503,五年級,星期四,第7節,15:10~15: 50,健康與體育 (體育),林展吉,科任,李芳諭,多功能教室 (西棟3F)
503,五年級,星期五,第1節,8:40~ 9:20,健康與體育 (體育),李芳諭,導師,李芳諭,503 教室
503,五年級,星期五,第2節,9:30~10:10,數學,李芳諭,導師,李芳諭,503 教室
503,五年級,星期五,第3節,10:30~11:10,國語文,李芳諭,導師,李芳諭,503 教室
503,五年級,星期五,第4節,11:20~12:00,本土語文,李芳諭,導師,李芳諭,503 教室
503,五年級,星期五,第5節,13:30~14:10,自然科學,陳易農,科任,李芳諭,美術教室 (北棟3F)
503,五年級,星期五,第6節,14:20~15:00,自然科學,陳易農,科任,李芳諭,美術教室 (北棟3F)
503,五年級,星期五,第7節,15:10~15: 50,（無排課）,—,—,李芳諭,503 教室
504,五年級,星期一,第1節,8:40~ 9:20,健康與體育 (體育),李智欣,導師,李智欣,504 教室
504,五年級,星期一,第2節,9:30~10:10,藝術 (音樂),張筑鈞,科任,李智欣,視聽教室 (東棟3F)
504,五年級,星期一,第3節,10:30~11:10,數學,李智欣,導師,李智欣,504 教室
504,五年級,星期一,第4節,11:20~12:00,國語文,李智欣,導師,李智欣,504 教室
504,五年級,星期一,第5節,13:30~14:10,綜合活動,李智欣,導師,李智欣,504 教室
504,五年級,星期一,第6節,14:20~15:00,英語文,余美蓉,科任,李智欣,英語1 (英語教室一)
504,五年級,星期一,第7節,15:10~15: 50,彈性課程 (資訊教育),張益嘉,科任,李智欣,電腦教室 (東棟3F)
504,五年級,星期二,第1節,8:40~ 9:20,彈性課程,李智欣,導師,李智欣,504 教室
504,五年級,星期二,第2節,9:30~10:10,國語文,李智欣,導師,李智欣,504 教室
504,五年級,星期二,第3節,10:30~11:10,數學,李智欣,導師,李智欣,504 教室
504,五年級,星期二,第4節,11:20~12:00,社會,蘇莉婷,科任,李智欣,課後班4 (南棟1F)
504,五年級,星期二,第5節,13:30~14:10,自然科學,陳易農,科任,李智欣,自然2 (西棟2F)
504,五年級,星期二,第6節,14:20~15:00,健康與體育 (體育),曾精鈺,科任,李智欣,多功能教室 (西棟3F)
504,五年級,星期二,第7節,15:10~15: 50,綜合活動,李智欣,導師,李智欣,504 教室
504,五年級,星期三,第1節,8:40~ 9:20,國語文,李智欣,導師,李智欣,504 教室
504,五年級,星期三,第2節,9:30~10:10,數學,李智欣,導師,李智欣,504 教室
504,五年級,星期三,第3節,10:30~11:10,健康與體育 (體育),李智欣,導師,李智欣,504 教室
504,五年級,星期三,第4節,11:20~12:00,彈性課程 (閱讀教育),高諄恩,科任,李智欣,多功能教室 (西棟3F)
504,五年級,星期三,第5節,13:30~14:10,（無排課）,—,—,李智欣,504 教室
504,五年級,星期三,第6節,14:20~15:00,（無排課）,—,—,李智欣,504 教室
504,五年級,星期三,第7節,15:10~15: 50,（無排課）,—,—,李智欣,504 教室
504,五年級,星期四,第1節,8:40~ 9:20,彈性課程,李智欣,導師,李智欣,504 教室
504,五年級,星期四,第2節,9:30~10:10,自然科學,陳易農,科任,李智欣,自然2 (西棟2F)
504,五年級,星期四,第3節,10:30~11:10,自然科學,陳易農,科任,李智欣,自然2 (西棟2F)
504,五年級,星期四,第4節,11:20~12:00,國語文,李智欣,導師,李智欣,504 教室
504,五年級,星期四,第5節,13:30~14:10,英語文,余美蓉,科任,李智欣,英語1 (英語教室一)
504,五年級,星期四,第6節,14:20~15:00,藝術 (美勞),曾精鈺,科任,李智欣,操場 (戶外田徑球場)
504,五年級,星期四,第7節,15:10~15: 50,藝術 (美勞),李智欣,導師,李智欣,504 教室
504,五年級,星期五,第1節,8:40~ 9:20,國語文,李智欣,導師,李智欣,504 教室
504,五年級,星期五,第2節,9:30~10:10,數學,李智欣,導師,李智欣,504 教室
504,五年級,星期五,第3節,10:30~11:10,彈性課程 (國際教育),李智欣,導師,李智欣,504 教室
504,五年級,星期五,第4節,11:20~12:00,本土語文,李智欣,導師,李智欣,504 教室
504,五年級,星期五,第5節,13:30~14:10,社會,蘇莉婷,科任,李智欣,課後班4 (南棟1F)
504,五年級,星期五,第6節,14:20~15:00,社會,蘇莉婷,科任,李智欣,課後班4 (南棟1F)
504,五年級,星期五,第7節,15:10~15: 50,（無排課）,—,—,李智欣,504 教室
601,六年級,星期一,第1節,8:40~ 9:20,數學,李玉婷,導師,李玉婷,601 教室
601,六年級,星期一,第2節,9:30~10:10,彈性課程 (閱讀教育),李玉婷,導師,李玉婷,601 教室
601,六年級,星期一,第3節,10:30~11:10,社會,游献儀,科任,李玉婷,社會3 (南棟2F)
601,六年級,星期一,第4節,11:20~12:00,社會,游献儀,科任,李玉婷,社會3 (南棟2F)
601,六年級,星期一,第5節,13:30~14:10,國語文,李玉婷,導師,李玉婷,601 教室
601,六年級,星期一,第6節,14:20~15:00,自然科學,王仁昭,科任,李玉婷,自然4 (西棟3F)
601,六年級,星期一,第7節,15:10~15: 50,健康與體育 (體育),林昇輝,科任,李玉婷,音樂教室 (西棟3F)
601,六年級,星期二,第1節,8:40~ 9:20,彈性課程 (社團),李玉婷,導師,李玉婷,601 教室
601,六年級,星期二,第2節,9:30~10:10,國語文,李玉婷,導師,李玉婷,601 教室
601,六年級,星期二,第3節,10:30~11:10,數學,李玉婷,導師,李玉婷,601 教室
601,六年級,星期二,第4節,11:20~12:00,藝術 (音樂),蘇鈺洺,科任,李玉婷,視聽教室 (東棟3F)
601,六年級,星期二,第5節,13:30~14:10,藝術 (美勞),黃岱瑩,科任,李玉婷,美術教室 (北棟3F)
601,六年級,星期二,第6節,14:20~15:00,藝術 (美勞),黃岱瑩,科任,李玉婷,美術教室 (北棟3F)
601,六年級,星期二,第7節,15:10~15: 50,自然科學,王仁昭,科任,李玉婷,自然4 (西棟3F)
601,六年級,星期三,第1節,8:40~ 9:20,國語文,李玉婷,導師,李玉婷,601 教室
601,六年級,星期三,第2節,9:30~10:10,數學,李玉婷,導師,李玉婷,601 教室
601,六年級,星期三,第3節,10:30~11:10,社會,游献儀,科任,李玉婷,社會3 (南棟2F)
601,六年級,星期三,第4節,11:20~12:00,英語文,余美蓉,科任,李玉婷,英語1 (英語教室一)
601,六年級,星期三,第5節,13:30~14:10,（無排課）,—,—,李玉婷,601 教室
601,六年級,星期三,第6節,14:20~15:00,（無排課）,—,—,李玉婷,601 教室
601,六年級,星期三,第7節,15:10~15: 50,（無排課）,—,—,李玉婷,601 教室
601,六年級,星期四,第1節,8:40~ 9:20,彈性課程,李玉婷,導師,李玉婷,601 教室
601,六年級,星期四,第2節,9:30~10:10,自然科學,王仁昭,科任,李玉婷,自然4 (西棟3F)
601,六年級,星期四,第3節,10:30~11:10,國語文,李玉婷,導師,李玉婷,601 教室
601,六年級,星期四,第4節,11:20~12:00,英語文,余美蓉,科任,李玉婷,英語1 (英語教室一)
601,六年級,星期四,第5節,13:30~14:10,健康與體育 (體育),李玉婷,導師,李玉婷,601 教室
601,六年級,星期四,第6節,14:20~15:00,健康與體育 (體育),林昇輝,科任,李玉婷,音樂教室 (西棟3F)
601,六年級,星期四,第7節,15:10~15: 50,綜合活動,李玉婷,導師,李玉婷,601 教室
601,六年級,星期五,第1節,8:40~ 9:20,彈性課程 (資訊教育),張益嘉,科任,李玉婷,電腦教室 (東棟3F)
601,六年級,星期五,第2節,9:30~10:10,本土語文,李玉婷,導師,李玉婷,601 教室
601,六年級,星期五,第3節,10:30~11:10,數學,李玉婷,導師,李玉婷,601 教室
601,六年級,星期五,第4節,11:20~12:00,國語文,李玉婷,導師,李玉婷,601 教室
601,六年級,星期五,第5節,13:30~14:10,彈性課程 (國際教育),李玉婷,導師,李玉婷,601 教室
601,六年級,星期五,第6節,14:20~15:00,綜合活動,李玉婷,導師,李玉婷,601 教室
601,六年級,星期五,第7節,15:10~15: 50,（無排課）,—,—,李玉婷,601 教室
602,六年級,星期一,第1節,8:40~ 9:20,健康與體育 (體育),鄒明親,導師,鄒明親,602 教室
602,六年級,星期一,第2節,9:30~10:10,綜合活動,鄒明親,導師,鄒明親,602 教室
602,六年級,星期一,第3節,10:30~11:10,自然科學,王仁昭,科任,鄒明親,自然4 (西棟3F)
602,六年級,星期一,第4節,11:20~12:00,數學,鄒明親,導師,鄒明親,602 教室
602,六年級,星期一,第5節,13:30~14:10,藝術 (美勞),黃岱瑩,科任,鄒明親,美術教室 (北棟3F)
602,六年級,星期一,第6節,14:20~15:00,藝術 (美勞),黃岱瑩,科任,鄒明親,美術教室 (北棟3F)
602,六年級,星期一,第7節,15:10~15: 50,社會,游献儀,科任,鄒明親,社會3 (南棟2F)
602,六年級,星期二,第1節,8:40~ 9:20,彈性課程,鄒明親,導師,鄒明親,602 教室
602,六年級,星期二,第2節,9:30~10:10,藝術 (音樂),蘇鈺洺,科任,鄒明親,視聽教室 (東棟3F)
602,六年級,星期二,第3節,10:30~11:10,英語文,余美蓉,科任,鄒明親,英語1 (英語教室一)
602,六年級,星期二,第4節,11:20~12:00,社會,游献儀,科任,鄒明親,社會3 (南棟2F)
602,六年級,星期二,第5節,13:30~14:10,國語文,鄒明親,導師,鄒明親,602 教室
602,六年級,星期二,第6節,14:20~15:00,數學,鄒明親,導師,鄒明親,602 教室
602,六年級,星期二,第7節,15:10~15: 50,健康與體育 (體育),林昇輝,科任,鄒明親,音樂教室 (西棟3F)
602,六年級,星期三,第1節,8:40~ 9:20,數學,鄒明親,導師,鄒明親,602 教室
602,六年級,星期三,第2節,9:30~10:10,彈性課程 (國際教育),鄒明親,導師,鄒明親,602 教室
602,六年級,星期三,第3節,10:30~11:10,自然科學,王仁昭,科任,鄒明親,自然4 (西棟3F)
602,六年級,星期三,第4節,11:20~12:00,國語文,鄒明親,導師,鄒明親,602 教室
602,六年級,星期三,第5節,13:30~14:10,（無排課）,—,—,鄒明親,602 教室
602,六年級,星期三,第6節,14:20~15:00,（無排課）,—,—,鄒明親,602 教室
602,六年級,星期三,第7節,15:10~15: 50,（無排課）,—,—,鄒明親,602 教室
602,六年級,星期四,第1節,8:40~ 9:20,彈性課程,鄒明親,導師,鄒明親,602 教室
602,六年級,星期四,第2節,9:30~10:10,國語文,鄒明親,導師,鄒明親,602 教室
602,六年級,星期四,第3節,10:30~11:10,英語文,余美蓉,科任,鄒明親,英語1 (英語教室一)
602,六年級,星期四,第4節,11:20~12:00,國語文,鄒明親,導師,鄒明親,602 教室
602,六年級,星期四,第5節,13:30~14:10,社會,游献儀,科任,鄒明親,社會3 (南棟2F)
602,六年級,星期四,第6節,14:20~15:00,綜合活動,鄒明親,導師,鄒明親,602 教室
602,六年級,星期四,第7節,15:10~15: 50,自然科學,王仁昭,科任,鄒明親,自然4 (西棟3F)
602,六年級,星期五,第1節,8:40~ 9:20,國語文,鄒明親,導師,鄒明親,602 教室
602,六年級,星期五,第2節,9:30~10:10,本土語文,鄒明親,導師,鄒明親,602 教室
602,六年級,星期五,第3節,10:30~11:10,數學,鄒明親,導師,鄒明親,602 教室
602,六年級,星期五,第4節,11:20~12:00,彈性課程 (閱讀教育),鄒明親,導師,鄒明親,602 教室
602,六年級,星期五,第5節,13:30~14:10,彈性課程 (資訊教育),張益嘉,科任,鄒明親,電腦教室 (東棟3F)
602,六年級,星期五,第6節,14:20~15:00,健康與體育 (體育),林昇輝,科任,鄒明親,操場 (戶外田徑球場)
602,六年級,星期五,第7節,15:10~15: 50,（無排課）,—,—,鄒明親,602 教室
603,六年級,星期一,第1節,8:40~ 9:20,數學,錢宜君,導師,錢宜君,603 教室
603,六年級,星期一,第2節,9:30~10:10,彈性課程 (閱讀教育),錢宜君,導師,錢宜君,603 教室
603,六年級,星期一,第3節,10:30~11:10,彈性課程 (資訊教育),張益嘉,科任,錢宜君,電腦教室 (東棟3F)
603,六年級,星期一,第4節,11:20~12:00,自然科學,王仁昭,科任,錢宜君,自然4 (西棟3F)
603,六年級,星期一,第5節,13:30~14:10,國語文,錢宜君,導師,錢宜君,603 教室
603,六年級,星期一,第6節,14:20~15:00,健康與體育 (體育),林昇輝,科任,錢宜君,音樂教室 (西棟3F)
603,六年級,星期一,第7節,15:10~15: 50,健康與體育 (體育),錢宜君,導師,錢宜君,603 教室
603,六年級,星期二,第1節,8:40~ 9:20,彈性課程,錢宜君,導師,錢宜君,603 教室
603,六年級,星期二,第2節,9:30~10:10,國語文,錢宜君,導師,錢宜君,603 教室
603,六年級,星期二,第3節,10:30~11:10,數學,錢宜君,導師,錢宜君,603 教室
603,六年級,星期二,第4節,11:20~12:00,英語文,余美蓉,科任,錢宜君,英語1 (英語教室一)
603,六年級,星期二,第5節,13:30~14:10,藝術 (音樂),蘇鈺洺,科任,錢宜君,視聽教室 (東棟3F)
603,六年級,星期二,第6節,14:20~15:00,綜合活動,游献儀,科任,錢宜君,社會3 (南棟2F)
603,六年級,星期二,第7節,15:10~15: 50,社會,錢宜君,導師,錢宜君,603 教室
603,六年級,星期三,第1節,8:40~ 9:20,國語文,錢宜君,導師,錢宜君,603 教室
603,六年級,星期三,第2節,9:30~10:10,數學,錢宜君,導師,錢宜君,603 教室
603,六年級,星期三,第3節,10:30~11:10,彈性課程 (國際教育),錢宜君,導師,錢宜君,603 教室
603,六年級,星期三,第4節,11:20~12:00,自然科學,王仁昭,科任,錢宜君,自然4 (西棟3F)
603,六年級,星期三,第5節,13:30~14:10,（無排課）,—,—,錢宜君,603 教室
603,六年級,星期三,第6節,14:20~15:00,（無排課）,—,—,錢宜君,603 教室
603,六年級,星期三,第7節,15:10~15: 50,（無排課）,—,—,錢宜君,603 教室
603,六年級,星期四,第1節,8:40~ 9:20,彈性課程,錢宜君,導師,錢宜君,603 教室
603,六年級,星期四,第2節,9:30~10:10,英語文,余美蓉,科任,錢宜君,英語1 (英語教室一)
603,六年級,星期四,第3節,10:30~11:10,國語文,錢宜君,導師,錢宜君,603 教室
603,六年級,星期四,第4節,11:20~12:00,自然科學,王仁昭,科任,錢宜君,自然4 (西棟3F)
603,六年級,星期四,第5節,13:30~14:10,綜合活動,錢宜君,導師,錢宜君,603 教室
603,六年級,星期四,第6節,14:20~15:00,社會,游献儀,科任,錢宜君,社會3 (南棟2F)
603,六年級,星期四,第7節,15:10~15: 50,健康與體育 (體育),林昇輝,科任,錢宜君,音樂教室 (西棟3F)
603,六年級,星期五,第1節,8:40~ 9:20,社會,游献儀,科任,錢宜君,社會3 (南棟2F)
603,六年級,星期五,第2節,9:30~10:10,本土語文,錢宜君,導師,錢宜君,603 教室
603,六年級,星期五,第3節,10:30~11:10,數學,錢宜君,導師,錢宜君,603 教室
603,六年級,星期五,第4節,11:20~12:00,國語文,錢宜君,導師,錢宜君,603 教室
603,六年級,星期五,第5節,13:30~14:10,藝術 (美勞),巴語暘,科任,錢宜君,美勞教室
603,六年級,星期五,第6節,14:20~15:00,藝術 (美勞),巴語暘,科任,錢宜君,美勞教室
603,六年級,星期五,第7節,15:10~15: 50,（無排課）,—,—,錢宜君,603 教室
604,六年級,星期一,第1節,8:40~ 9:20,數學,陳柏輯,導師,陳柏輯,604 教室
604,六年級,星期一,第2節,9:30~10:10,綜合活動,陳柏輯,導師,陳柏輯,604 教室
604,六年級,星期一,第3節,10:30~11:10,國語文,陳柏輯,導師,陳柏輯,604 教室
604,六年級,星期一,第4節,11:20~12:00,英語文,余美蓉,科任,陳柏輯,英語1 (英語教室一)
604,六年級,星期一,第5節,13:30~14:10,自然科學,王仁昭,科任,陳柏輯,自然4 (西棟3F)
604,六年級,星期一,第6節,14:20~15:00,彈性課程 (國際教育),李世芬,科任,陳柏輯,課後班3 (南棟1F)
604,六年級,星期一,第7節,15:10~15: 50,健康與體育 (體育),陳柏輯,導師,陳柏輯,604 教室
604,六年級,星期二,第1節,8:40~ 9:20,彈性課程 (社團),陳柏輯,導師,陳柏輯,604 教室
604,六年級,星期二,第2節,9:30~10:10,數學,陳柏輯,導師,陳柏輯,604 教室
604,六年級,星期二,第3節,10:30~11:10,藝術 (音樂),蘇鈺洺,科任,陳柏輯,視聽教室 (東棟3F)
604,六年級,星期二,第4節,11:20~12:00,彈性課程 (資訊教育),張益嘉,科任,陳柏輯,電腦教室 (東棟3F)
604,六年級,星期二,第5節,13:30~14:10,國語文,陳柏輯,導師,陳柏輯,604 教室
604,六年級,星期二,第6節,14:20~15:00,社會,李世芬,科任,陳柏輯,課後班3 (南棟1F)
604,六年級,星期二,第7節,15:10~15: 50,彈性課程 (閱讀教育),陳柏輯,導師,陳柏輯,604 教室
604,六年級,星期三,第1節,8:40~ 9:20,數學,陳柏輯,導師,陳柏輯,604 教室
604,六年級,星期三,第2節,9:30~10:10,國語文,陳柏輯,導師,陳柏輯,604 教室
604,六年級,星期三,第3節,10:30~11:10,藝術 (美勞),黃岱瑩,科任,陳柏輯,美術教室 (北棟3F)
604,六年級,星期三,第4節,11:20~12:00,藝術 (美勞),黃岱瑩,科任,陳柏輯,美勞教室
604,六年級,星期三,第5節,13:30~14:10,（無排課）,—,—,陳柏輯,604 教室
604,六年級,星期三,第6節,14:20~15:00,（無排課）,—,—,陳柏輯,604 教室
604,六年級,星期三,第7節,15:10~15: 50,（無排課）,—,—,陳柏輯,604 教室
604,六年級,星期四,第1節,8:40~ 9:20,彈性課程,陳柏輯,導師,陳柏輯,604 教室
604,六年級,星期四,第2節,9:30~10:10,國語文,陳柏輯,導師,陳柏輯,604 教室
604,六年級,星期四,第3節,10:30~11:10,社會,李世芬,科任,陳柏輯,課後班3 (南棟1F)
604,六年級,星期四,第4節,11:20~12:00,社會,李世芬,科任,陳柏輯,課後班3 (南棟1F)
604,六年級,星期四,第5節,13:30~14:10,自然科學,王仁昭,科任,陳柏輯,自然4 (西棟3F)
604,六年級,星期四,第6節,14:20~15:00,綜合活動,陳柏輯,導師,陳柏輯,604 教室
604,六年級,星期四,第7節,15:10~15: 50,健康與體育 (體育),陳柏輯,導師,陳柏輯,604 教室
604,六年級,星期五,第1節,8:40~ 9:20,數學,陳柏輯,導師,陳柏輯,604 教室
604,六年級,星期五,第2節,9:30~10:10,本土語文,陳柏輯,導師,陳柏輯,604 教室
604,六年級,星期五,第3節,10:30~11:10,國語文,陳柏輯,導師,陳柏輯,604 教室
604,六年級,星期五,第4節,11:20~12:00,英語文,余美蓉,科任,陳柏輯,英語1 (英語教室一)
604,六年級,星期五,第5節,13:30~14:10,健康與體育 (體育),陳柏輯,導師,陳柏輯,604 教室
604,六年級,星期五,第6節,14:20~15:00,自然科學,王仁貞,科任,陳柏輯,自然4 (西棟3F)
604,六年級,星期五,第7節,15:10~15: 50,（無排課）,—,—,陳柏輯,604 教室
